#! /c/Source/iverilog-install/bin/vvp
:ivl_version "12.0 (devel)" "(s20150603-1539-g2693dd32b)";
:ivl_delay_selection "TYPICAL";
:vpi_time_precision - 12;
:vpi_module "C:\iverilog\lib\ivl\system.vpi";
:vpi_module "C:\iverilog\lib\ivl\vhdl_sys.vpi";
:vpi_module "C:\iverilog\lib\ivl\vhdl_textio.vpi";
:vpi_module "C:\iverilog\lib\ivl\v2005_math.vpi";
:vpi_module "C:\iverilog\lib\ivl\va_math.vpi";
S_000002186606b1f0 .scope module, "spmm_csr" "spmm_csr" 2 19;
 .timescale -9 -12;
    .port_info 0 /OUTPUT 1 "ap_local_block";
    .port_info 1 /OUTPUT 1 "ap_local_deadlock";
    .port_info 2 /INPUT 1 "ap_clk";
    .port_info 3 /INPUT 1 "ap_rst";
    .port_info 4 /INPUT 1 "ap_start";
    .port_info 5 /OUTPUT 1 "ap_done";
    .port_info 6 /OUTPUT 1 "ap_idle";
    .port_info 7 /OUTPUT 1 "ap_ready";
    .port_info 8 /INPUT 32 "RowA";
    .port_info 9 /INPUT 32 "ColA";
    .port_info 10 /INPUT 32 "ColB";
    .port_info 11 /OUTPUT 3 "RPA_address0";
    .port_info 12 /OUTPUT 1 "RPA_ce0";
    .port_info 13 /INPUT 32 "RPA_q0";
    .port_info 14 /OUTPUT 3 "RPA_address1";
    .port_info 15 /OUTPUT 1 "RPA_ce1";
    .port_info 16 /INPUT 32 "RPA_q1";
    .port_info 17 /OUTPUT 3 "CIA_address0";
    .port_info 18 /OUTPUT 1 "CIA_ce0";
    .port_info 19 /INPUT 32 "CIA_q0";
    .port_info 20 /OUTPUT 3 "NVA_address0";
    .port_info 21 /OUTPUT 1 "NVA_ce0";
    .port_info 22 /INPUT 32 "NVA_q0";
    .port_info 23 /OUTPUT 3 "RPB_address0";
    .port_info 24 /OUTPUT 1 "RPB_ce0";
    .port_info 25 /INPUT 32 "RPB_q0";
    .port_info 26 /OUTPUT 3 "RPB_address1";
    .port_info 27 /OUTPUT 1 "RPB_ce1";
    .port_info 28 /INPUT 32 "RPB_q1";
    .port_info 29 /OUTPUT 3 "CIB_address0";
    .port_info 30 /OUTPUT 1 "CIB_ce0";
    .port_info 31 /INPUT 32 "CIB_q0";
    .port_info 32 /OUTPUT 3 "NVB_address0";
    .port_info 33 /OUTPUT 1 "NVB_ce0";
    .port_info 34 /INPUT 32 "NVB_q0";
    .port_info 35 /OUTPUT 3 "RPC_address0";
    .port_info 36 /OUTPUT 1 "RPC_ce0";
    .port_info 37 /OUTPUT 1 "RPC_we0";
    .port_info 38 /OUTPUT 32 "RPC_d0";
    .port_info 39 /OUTPUT 4 "CIC_address0";
    .port_info 40 /OUTPUT 1 "CIC_ce0";
    .port_info 41 /OUTPUT 1 "CIC_we0";
    .port_info 42 /OUTPUT 32 "CIC_d0";
    .port_info 43 /OUTPUT 4 "NVC_address0";
    .port_info 44 /OUTPUT 1 "NVC_ce0";
    .port_info 45 /OUTPUT 1 "NVC_we0";
    .port_info 46 /OUTPUT 32 "NVC_d0";
P_000002186606b380 .param/l "ap_ST_fsm_state1" 0 2 69, C4<000000000001>;
P_000002186606b3b8 .param/l "ap_ST_fsm_state10" 0 2 78, C4<001000000000>;
P_000002186606b3f0 .param/l "ap_ST_fsm_state11" 0 2 79, C4<010000000000>;
P_000002186606b428 .param/l "ap_ST_fsm_state12" 0 2 80, C4<100000000000>;
P_000002186606b460 .param/l "ap_ST_fsm_state2" 0 2 70, C4<000000000010>;
P_000002186606b498 .param/l "ap_ST_fsm_state3" 0 2 71, C4<000000000100>;
P_000002186606b4d0 .param/l "ap_ST_fsm_state4" 0 2 72, C4<000000001000>;
P_000002186606b508 .param/l "ap_ST_fsm_state5" 0 2 73, C4<000000010000>;
P_000002186606b540 .param/l "ap_ST_fsm_state6" 0 2 74, C4<000000100000>;
P_000002186606b578 .param/l "ap_ST_fsm_state7" 0 2 75, C4<000001000000>;
P_000002186606b5b0 .param/l "ap_ST_fsm_state8" 0 2 76, C4<000010000000>;
P_000002186606b5e8 .param/l "ap_ST_fsm_state9" 0 2 77, C4<000100000000>;
L_0000021866286ae0 .functor BUFZ 4, L_000002186622b660, C4<0000>, C4<0000>, C4<0000>;
L_0000021866286e60 .functor BUFZ 1, v0000021866220670_0, C4<0>, C4<0>, C4<0>;
L_00000218662883d0 .functor BUFZ 32, L_000002186618db90, C4<00000000000000000000000000000000>, C4<00000000000000000000000000000000>, C4<00000000000000000000000000000000>;
L_0000021866287bf0 .functor BUFZ 1, v00000218662208f0_0, C4<0>, C4<0>, C4<0>;
L_0000021866286920 .functor BUFZ 4, L_000002186622b980, C4<0000>, C4<0000>, C4<0000>;
L_00000218662873a0 .functor BUFZ 1, v0000021866220710_0, C4<0>, C4<0>, C4<0>;
L_0000021866287e90 .functor BUFZ 32, L_000002186618dc00, C4<00000000000000000000000000000000>, C4<00000000000000000000000000000000>, C4<00000000000000000000000000000000>;
L_00000218662881a0 .functor BUFZ 1, v0000021866220990_0, C4<0>, C4<0>, C4<0>;
v0000021866223730_0 .net "CIA_address0", 2 0, L_000002186622d000;  1 drivers
v0000021866223e10_0 .var "CIA_ce0", 0 0;
o00000218661cd998 .functor BUFZ 32, C4<zzzzzzzzzzzzzzzzzzzzzzzzzzzzzzzz>; HiZ drive
v00000218662249f0_0 .net "CIA_q0", 31 0, o00000218661cd998;  0 drivers
v0000021866224a90_0 .net "CIB_address0", 2 0, L_000002186622d3c0;  1 drivers
v00000218662237d0_0 .var "CIB_ce0", 0 0;
o00000218661cd158 .functor BUFZ 32, C4<zzzzzzzzzzzzzzzzzzzzzzzzzzzzzzzz>; HiZ drive
v0000021866223b90_0 .net "CIB_q0", 31 0, o00000218661cd158;  0 drivers
v00000218662248b0_0 .net "CIC_address0", 3 0, L_0000021866286ae0;  1 drivers
v00000218662243b0_0 .net "CIC_ce0", 0 0, L_0000021866286e60;  1 drivers
v0000021866223c30_0 .net "CIC_d0", 31 0, L_00000218662883d0;  1 drivers
v0000021866224b30_0 .net "CIC_we0", 0 0, L_0000021866287bf0;  1 drivers
o00000218661cdae8 .functor BUFZ 32, C4<zzzzzzzzzzzzzzzzzzzzzzzzzzzzzzzz>; HiZ drive
v0000021866223d70_0 .net "ColA", 31 0, o00000218661cdae8;  0 drivers
o00000218661cc0a8 .functor BUFZ 32, C4<zzzzzzzzzzzzzzzzzzzzzzzzzzzzzzzz>; HiZ drive
v0000021866223eb0_0 .net "ColB", 31 0, o00000218661cc0a8;  0 drivers
v0000021866224590_0 .net "NVA_address0", 2 0, L_000002186622ca60;  1 drivers
v0000021866223f50_0 .var "NVA_ce0", 0 0;
o00000218661cdb78 .functor BUFZ 32, C4<zzzzzzzzzzzzzzzzzzzzzzzzzzzzzzzz>; HiZ drive
v0000021866224450_0 .net "NVA_q0", 31 0, o00000218661cdb78;  0 drivers
v0000021866224770_0 .net "NVB_address0", 2 0, L_000002186622d640;  1 drivers
v0000021866224950_0 .var "NVB_ce0", 0 0;
o00000218661ccca8 .functor BUFZ 32, C4<zzzzzzzzzzzzzzzzzzzzzzzzzzzzzzzz>; HiZ drive
v0000021866224bd0_0 .net "NVB_q0", 31 0, o00000218661ccca8;  0 drivers
v0000021866224c70_0 .net "NVC_address0", 3 0, L_0000021866286920;  1 drivers
v0000021866224db0_0 .net "NVC_ce0", 0 0, L_00000218662873a0;  1 drivers
v0000021866225630_0 .net "NVC_d0", 31 0, L_0000021866287e90;  1 drivers
v0000021866226df0_0 .net "NVC_we0", 0 0, L_00000218662881a0;  1 drivers
v0000021866225db0_0 .net "RPA_address0", 2 0, L_000002186622cc40;  1 drivers
v0000021866226b70_0 .net "RPA_address1", 2 0, L_000002186622d6e0;  1 drivers
v0000021866227110_0 .var "RPA_ce0", 0 0;
v0000021866225bd0_0 .var "RPA_ce1", 0 0;
o00000218661cdd88 .functor BUFZ 32, C4<zzzzzzzzzzzzzzzzzzzzzzzzzzzzzzzz>; HiZ drive
v00000218662267b0_0 .net "RPA_q0", 31 0, o00000218661cdd88;  0 drivers
o00000218661cddb8 .functor BUFZ 32, C4<zzzzzzzzzzzzzzzzzzzzzzzzzzzzzzzz>; HiZ drive
v0000021866226030_0 .net "RPA_q1", 31 0, o00000218661cddb8;  0 drivers
v0000021866226e90_0 .net "RPB_address0", 2 0, L_000002186622cce0;  1 drivers
v0000021866226c10_0 .net "RPB_address1", 2 0, L_000002186622d1e0;  1 drivers
v0000021866226d50_0 .var "RPB_ce0", 0 0;
v0000021866226350_0 .var "RPB_ce1", 0 0;
o00000218661cdea8 .functor BUFZ 32, C4<zzzzzzzzzzzzzzzzzzzzzzzzzzzzzzzz>; HiZ drive
v00000218662262b0_0 .net "RPB_q0", 31 0, o00000218661cdea8;  0 drivers
o00000218661cded8 .functor BUFZ 32, C4<zzzzzzzzzzzzzzzzzzzzzzzzzzzzzzzz>; HiZ drive
v0000021866225e50_0 .net "RPB_q1", 31 0, o00000218661cded8;  0 drivers
v0000021866226cb0_0 .var "RPC_address0", 2 0;
v0000021866226710_0 .var "RPC_ce0", 0 0;
v0000021866225c70_0 .var "RPC_d0", 31 0;
v0000021866226f30_0 .var "RPC_we0", 0 0;
o00000218661cdfc8 .functor BUFZ 32, C4<zzzzzzzzzzzzzzzzzzzzzzzzzzzzzzzz>; HiZ drive
v0000021866226fd0_0 .net "RowA", 31 0, o00000218661cdfc8;  0 drivers
v00000218662259f0_0 .net *"_ivl_104", 0 0, L_000002186628aef0;  1 drivers
L_000002186622f4f0 .functor BUFT 1, C4<1>, C4<0>, C4<0>, C4<0>;
v0000021866227070_0 .net/2u *"_ivl_106", 0 0, L_000002186622f4f0;  1 drivers
L_000002186622f538 .functor BUFT 1, C4<0>, C4<0>, C4<0>, C4<0>;
v0000021866226490_0 .net/2u *"_ivl_108", 0 0, L_000002186622f538;  1 drivers
v0000021866226850_0 .net *"_ivl_112", 0 0, L_0000021866289ff0;  1 drivers
L_000002186622f580 .functor BUFT 1, C4<1>, C4<0>, C4<0>, C4<0>;
v0000021866225ef0_0 .net/2u *"_ivl_114", 0 0, L_000002186622f580;  1 drivers
L_000002186622f5c8 .functor BUFT 1, C4<0>, C4<0>, C4<0>, C4<0>;
v00000218662271b0_0 .net/2u *"_ivl_116", 0 0, L_000002186622f5c8;  1 drivers
v0000021866227390_0 .net *"_ivl_120", 0 0, L_00000218662890f0;  1 drivers
L_000002186622f610 .functor BUFT 1, C4<1>, C4<0>, C4<0>, C4<0>;
v0000021866225f90_0 .net/2u *"_ivl_122", 0 0, L_000002186622f610;  1 drivers
L_000002186622f658 .functor BUFT 1, C4<0>, C4<0>, C4<0>, C4<0>;
v0000021866227250_0 .net/2u *"_ivl_124", 0 0, L_000002186622f658;  1 drivers
v00000218662272f0_0 .net *"_ivl_128", 0 0, L_0000021866288e70;  1 drivers
L_000002186622f6a0 .functor BUFT 1, C4<1>, C4<0>, C4<0>, C4<0>;
v0000021866227430_0 .net/2u *"_ivl_130", 0 0, L_000002186622f6a0;  1 drivers
L_000002186622f6e8 .functor BUFT 1, C4<0>, C4<0>, C4<0>, C4<0>;
v0000021866225d10_0 .net/2u *"_ivl_132", 0 0, L_000002186622f6e8;  1 drivers
L_000002186622f730 .functor BUFT 1, C4<00000000000000000000000000000000>, C4<0>, C4<0>, C4<0>;
v00000218662260d0_0 .net *"_ivl_153", 31 0, L_000002186622f730;  1 drivers
L_000002186622f778 .functor BUFT 1, C4<00000000000000000000000000000000>, C4<0>, C4<0>, C4<0>;
v00000218662263f0_0 .net *"_ivl_157", 31 0, L_000002186622f778;  1 drivers
L_000002186622f7c0 .functor BUFT 1, C4<00000000000000000000000000000000>, C4<0>, C4<0>, C4<0>;
v0000021866226170_0 .net *"_ivl_161", 31 0, L_000002186622f7c0;  1 drivers
L_000002186622f808 .functor BUFT 1, C4<0000000000000000000000000000000000000000000000000000000000000>, C4<0>, C4<0>, C4<0>;
v00000218662274d0_0 .net *"_ivl_165", 60 0, L_000002186622f808;  1 drivers
L_000002186622f2f8 .functor BUFT 1, C4<00000000000000000000000000000001>, C4<0>, C4<0>, C4<0>;
v00000218662256d0_0 .net/2u *"_ivl_52", 31 0, L_000002186622f2f8;  1 drivers
L_000002186622f340 .functor BUFT 1, C4<00000000000000000000000000000001>, C4<0>, C4<0>, C4<0>;
v0000021866225b30_0 .net/2u *"_ivl_56", 31 0, L_000002186622f340;  1 drivers
L_000002186622f388 .functor BUFT 1, C4<0000000000000000000000000000000000000000000000000000000000000001>, C4<0>, C4<0>, C4<0>;
v0000021866225770_0 .net/2u *"_ivl_60", 63 0, L_000002186622f388;  1 drivers
L_000002186622f3d0 .functor BUFT 1, C4<001>, C4<0>, C4<0>, C4<0>;
v0000021866225810_0 .net/2u *"_ivl_64", 2 0, L_000002186622f3d0;  1 drivers
L_000002186622f418 .functor BUFT 1, C4<0000000000000000000000000000000000000000000000000000000000000001>, C4<0>, C4<0>, C4<0>;
v00000218662258b0_0 .net/2u *"_ivl_68", 63 0, L_000002186622f418;  1 drivers
v00000218662268f0_0 .var "add2453_lcssa65_lcssa85_fu_90", 31 0;
v0000021866225950_0 .var "add2453_lcssa66_reg_403", 31 0;
v0000021866225a90_0 .var "add2454_reg_462", 31 0;
v0000021866226210_0 .var "add2456_lcssa68_lcssa81_fu_86", 31 0;
v0000021866226530_0 .var "add2456_lcssa69_reg_392", 31 0;
v00000218662265d0_0 .var "add2457_reg_450", 31 0;
v0000021866226670_0 .var "add2459_lcssa71_lcssa77_fu_82", 31 0;
v0000021866226990_0 .var "add2459_lcssa72_reg_381", 31 0;
v0000021866226a30_0 .var "add2460_reg_438", 31 0;
v0000021866226ad0_0 .var "add2462_lcssa74_lcssa89_fu_94", 31 0;
v00000218662288e0_0 .var "add2462_lcssa75_reg_370", 31 0;
v0000021866228520_0 .var "add2463_reg_426", 31 0;
v0000021866228340_0 .net "add_ln50_fu_622_p2", 31 0, L_000002186622cd80;  1 drivers
v0000021866229420_0 .var "add_ln50_reg_848", 31 0;
v0000021866227da0_0 .net "add_ln56_fu_607_p2", 31 0, L_000002186622ce20;  1 drivers
v0000021866229920_0 .var "add_ln56_reg_834", 31 0;
v0000021866228ac0_0 .net "add_ln59_fu_710_p2", 63 0, L_000002186622d320;  1 drivers
v0000021866228d40_0 .net "add_ln67_fu_686_p2", 2 0, L_000002186622cec0;  1 drivers
v0000021866228200_0 .net "add_ln70_fu_749_p2", 63 0, L_000002186622d0a0;  1 drivers
v0000021866228de0_0 .net "add_ln75_fu_735_p2", 31 0, L_000002186622d500;  1 drivers
v00000218662283e0_0 .var "ap_CS_fsm", 11 0;
v00000218662282a0_0 .net "ap_CS_fsm_state1", 0 0, L_000002186622d5a0;  1 drivers
v0000021866227ee0_0 .net "ap_CS_fsm_state10", 0 0, L_000002186622d780;  1 drivers
v0000021866228e80_0 .net "ap_CS_fsm_state11", 0 0, L_000002186622d8c0;  1 drivers
v0000021866228480_0 .net "ap_CS_fsm_state12", 0 0, L_000002186622da00;  1 drivers
v0000021866228f20_0 .net "ap_CS_fsm_state2", 0 0, L_000002186628a1d0;  1 drivers
v00000218662294c0_0 .net "ap_CS_fsm_state3", 0 0, L_000002186628abd0;  1 drivers
v0000021866227c60_0 .net "ap_CS_fsm_state4", 0 0, L_000002186628a270;  1 drivers
v0000021866227d00_0 .net "ap_CS_fsm_state5", 0 0, L_0000021866288dd0;  1 drivers
v0000021866229880_0 .net "ap_CS_fsm_state6", 0 0, L_000002186628a8b0;  1 drivers
v0000021866229560_0 .net "ap_CS_fsm_state7", 0 0, L_00000218662894b0;  1 drivers
v00000218662285c0_0 .net "ap_CS_fsm_state8", 0 0, L_0000021866289550;  1 drivers
v0000021866229240_0 .net "ap_CS_fsm_state9", 0 0, L_00000218662895f0;  1 drivers
v00000218662299c0_0 .var "ap_NS_fsm", 11 0;
L_000002186622f028 .functor BUFT 1, C4<0>, C4<0>, C4<0>, C4<0>;
v0000021866228660_0 .net "ap_ST_fsm_state10_blk", 0 0, L_000002186622f028;  1 drivers
v00000218662296a0_0 .var "ap_ST_fsm_state11_blk", 0 0;
L_000002186622f070 .functor BUFT 1, C4<0>, C4<0>, C4<0>, C4<0>;
v0000021866229600_0 .net "ap_ST_fsm_state12_blk", 0 0, L_000002186622f070;  1 drivers
v0000021866228700_0 .var "ap_ST_fsm_state1_blk", 0 0;
L_000002186622f0b8 .functor BUFT 1, C4<0>, C4<0>, C4<0>, C4<0>;
v0000021866229740_0 .net "ap_ST_fsm_state2_blk", 0 0, L_000002186622f0b8;  1 drivers
L_000002186622f100 .functor BUFT 1, C4<0>, C4<0>, C4<0>, C4<0>;
v00000218662297e0_0 .net "ap_ST_fsm_state3_blk", 0 0, L_000002186622f100;  1 drivers
L_000002186622f148 .functor BUFT 1, C4<0>, C4<0>, C4<0>, C4<0>;
v0000021866228fc0_0 .net "ap_ST_fsm_state4_blk", 0 0, L_000002186622f148;  1 drivers
L_000002186622f190 .functor BUFT 1, C4<0>, C4<0>, C4<0>, C4<0>;
v0000021866229a60_0 .net "ap_ST_fsm_state5_blk", 0 0, L_000002186622f190;  1 drivers
L_000002186622f1d8 .functor BUFT 1, C4<0>, C4<0>, C4<0>, C4<0>;
v0000021866228b60_0 .net "ap_ST_fsm_state6_blk", 0 0, L_000002186622f1d8;  1 drivers
L_000002186622f220 .functor BUFT 1, C4<0>, C4<0>, C4<0>, C4<0>;
v0000021866228980_0 .net "ap_ST_fsm_state7_blk", 0 0, L_000002186622f220;  1 drivers
L_000002186622f268 .functor BUFT 1, C4<0>, C4<0>, C4<0>, C4<0>;
v00000218662292e0_0 .net "ap_ST_fsm_state8_blk", 0 0, L_000002186622f268;  1 drivers
L_000002186622f2b0 .functor BUFT 1, C4<0>, C4<0>, C4<0>, C4<0>;
v0000021866227e40_0 .net "ap_ST_fsm_state9_blk", 0 0, L_000002186622f2b0;  1 drivers
o00000218661cafc8 .functor BUFZ 1, C4<z>; HiZ drive
v00000218662287a0_0 .net "ap_clk", 0 0, o00000218661cafc8;  0 drivers
v0000021866229060_0 .var "ap_done", 0 0;
v0000021866228840_0 .var "ap_idle", 0 0;
L_000002186622f460 .functor BUFT 1, C4<0>, C4<0>, C4<0>, C4<0>;
v0000021866228020_0 .net "ap_local_block", 0 0, L_000002186622f460;  1 drivers
L_000002186622f4a8 .functor BUFT 1, C4<0>, C4<0>, C4<0>, C4<0>;
v0000021866228ca0_0 .net "ap_local_deadlock", 0 0, L_000002186622f4a8;  1 drivers
v0000021866228a20_0 .var "ap_phi_mux_add2453_phi_fu_544_p8", 31 0;
v0000021866229100_0 .var "ap_phi_mux_add2456_phi_fu_526_p8", 31 0;
v0000021866228c00_0 .var "ap_phi_mux_add2459_phi_fu_508_p8", 31 0;
v00000218662291a0_0 .var "ap_phi_mux_add2462_phi_fu_490_p8", 31 0;
v0000021866227f80_0 .var "ap_ready", 0 0;
o00000218661cb1a8 .functor BUFZ 1, C4<z>; HiZ drive
v00000218662280c0_0 .net "ap_rst", 0 0, o00000218661cb1a8;  0 drivers
o00000218661cecb8 .functor BUFZ 1, C4<z>; HiZ drive
v0000021866228160_0 .net "ap_start", 0 0, o00000218661cecb8;  0 drivers
v0000021866229380_0 .var "c_reg_279", 31 0;
v0000021866229b00_0 .var "empty_11_reg_249", 31 0;
v000002186622a800_0 .var "empty_12_reg_259", 31 0;
v000002186622c7e0_0 .var "empty_13_reg_269", 31 0;
v000002186622bde0_0 .var "empty_14_reg_290", 31 0;
v000002186622c600_0 .var "empty_15_reg_310", 31 0;
v000002186622bfc0_0 .var "empty_16_reg_330", 31 0;
v000002186622aa80_0 .var "empty_17_reg_350", 31 0;
v000002186622b160_0 .var "empty_reg_239", 31 0;
v000002186622c6a0_0 .net "grp_spmm_csr_Pipeline_VITIS_LOOP_80_2_fu_558_CIC_address0", 3 0, L_000002186622b660;  1 drivers
v000002186622a080_0 .net "grp_spmm_csr_Pipeline_VITIS_LOOP_80_2_fu_558_CIC_ce0", 0 0, v0000021866220670_0;  1 drivers
v000002186622ab20_0 .net "grp_spmm_csr_Pipeline_VITIS_LOOP_80_2_fu_558_CIC_d0", 31 0, L_000002186618db90;  1 drivers
v000002186622c060_0 .net "grp_spmm_csr_Pipeline_VITIS_LOOP_80_2_fu_558_CIC_we0", 0 0, v00000218662208f0_0;  1 drivers
v000002186622abc0_0 .net "grp_spmm_csr_Pipeline_VITIS_LOOP_80_2_fu_558_NVC_address0", 3 0, L_000002186622b980;  1 drivers
v000002186622b0c0_0 .net "grp_spmm_csr_Pipeline_VITIS_LOOP_80_2_fu_558_NVC_ce0", 0 0, v0000021866220710_0;  1 drivers
v000002186622c1a0_0 .net "grp_spmm_csr_Pipeline_VITIS_LOOP_80_2_fu_558_NVC_d0", 31 0, L_000002186618dc00;  1 drivers
v000002186622b840_0 .net "grp_spmm_csr_Pipeline_VITIS_LOOP_80_2_fu_558_NVC_we0", 0 0, v0000021866220990_0;  1 drivers
v000002186622c240_0 .net "grp_spmm_csr_Pipeline_VITIS_LOOP_80_2_fu_558_ap_done", 0 0, v000002186619d7f0_0;  1 drivers
v000002186622a4e0_0 .net "grp_spmm_csr_Pipeline_VITIS_LOOP_80_2_fu_558_ap_idle", 0 0, v0000021866221c80_0;  1 drivers
v000002186622b7a0_0 .net "grp_spmm_csr_Pipeline_VITIS_LOOP_80_2_fu_558_ap_ready", 0 0, L_000002186618db20;  1 drivers
v000002186622c2e0_0 .net "grp_spmm_csr_Pipeline_VITIS_LOOP_80_2_fu_558_ap_start", 0 0, v000002186622a9e0_0;  1 drivers
v000002186622a9e0_0 .var "grp_spmm_csr_Pipeline_VITIS_LOOP_80_2_fu_558_ap_start_reg", 0 0;
v000002186622be80_0 .net "grp_spmm_csr_Pipeline_VITIS_LOOP_80_2_fu_558_idxempty_1_out", 31 0, L_000002186618e530;  1 drivers
v000002186622ac60_0 .net "grp_spmm_csr_Pipeline_VITIS_LOOP_80_2_fu_558_idxempty_1_out_ap_vld", 0 0, v0000021866221500_0;  1 drivers
v000002186622a120_0 .var "i_fu_78", 31 0;
v000002186622bf20_0 .net "icmp_ln44_fu_602_p2", 0 0, L_0000021866289c30;  1 drivers
v000002186622b700_0 .net "icmp_ln50_fu_617_p2", 0 0, L_000002186628aa90;  1 drivers
v000002186622c740_0 .net "icmp_ln59_fu_644_p2", 0 0, L_000002186628ad10;  1 drivers
v000002186622c100_0 .net "icmp_ln70_fu_705_p2", 0 0, L_000002186628adb0;  1 drivers
v000002186622b5c0_0 .var "idxempty_fu_74", 31 0;
v000002186622ad00_0 .var "j_1_reg_414", 63 0;
v000002186622c380_0 .var "k_1_reg_474", 63 0;
v000002186622bac0_0 .net "mul_ln75_fu_716_p2", 31 0, L_000002186622d960;  1 drivers
v000002186622c420_0 .net/s "sext_ln59_1_fu_640_p1", 63 0, L_0000021866288fb0;  1 drivers
v000002186622aee0_0 .var/s "sext_ln59_1_reg_876", 63 0;
v000002186622a1c0_0 .net/s "sext_ln59_fu_636_p1", 63 0, L_000002186628a090;  1 drivers
v000002186622bca0_0 .net/s "sext_ln70_1_fu_701_p1", 63 0, L_0000021866289870;  1 drivers
v000002186622b8e0_0 .var/s "sext_ln70_1_reg_917", 63 0;
v000002186622a760_0 .net/s "sext_ln70_fu_697_p1", 63 0, L_000002186628ae50;  1 drivers
v000002186622bd40_0 .net "tmp_fu_721_p6", 31 0, L_0000021866288280;  1 drivers
v000002186622a300_0 .net "trunc_ln52_fu_628_p1", 1 0, L_0000021866289eb0;  1 drivers
v000002186622ada0_0 .net "trunc_ln63_fu_677_p1", 2 0, L_0000021866289690;  1 drivers
v000002186622c4c0_0 .net "trunc_ln75_fu_745_p1", 1 0, L_000002186628a450;  1 drivers
v000002186622c560_0 .var/s "valA_reg_907", 31 0;
v000002186622ae40_0 .net "zext_ln39_fu_613_p1", 63 0, L_0000021866289190;  1 drivers
v000002186622a260_0 .var "zext_ln39_reg_840", 63 0;
v000002186622a3a0_0 .net "zext_ln56_fu_632_p1", 63 0, L_000002186628b030;  1 drivers
v000002186622af80_0 .var "zext_ln56_reg_861", 63 0;
v000002186622a580_0 .net "zext_ln66_fu_681_p1", 63 0, L_0000021866289050;  1 drivers
v000002186622a440_0 .net "zext_ln67_fu_692_p1", 63 0, L_00000218662888d0;  1 drivers
E_0000021866196d90/0 .event anyedge, v00000218662283e0_0, v00000218662282a0_0, v0000021866228160_0, v0000021866228f20_0;
E_0000021866196d90/1 .event anyedge, v000002186622bf20_0, v00000218662294c0_0, v000002186622b700_0, v0000021866229880_0;
E_0000021866196d90/2 .event anyedge, v000002186622c740_0, v0000021866229240_0, v000002186622c100_0, v0000021866228e80_0;
E_0000021866196d90/3 .event anyedge, v000002186619d7f0_0;
E_0000021866196d90 .event/or E_0000021866196d90/0, E_0000021866196d90/1, E_0000021866196d90/2, E_0000021866196d90/3;
E_0000021866196dd0 .event anyedge, v0000021866228f20_0, v000002186622bf20_0;
E_0000021866196f10 .event anyedge, v0000021866227ee0_0, v000002186622c4c0_0, v0000021866222400_0, v0000021866228de0_0;
E_0000021866196f50 .event anyedge, v0000021866227ee0_0, v000002186622c4c0_0, v0000021866228de0_0, v0000021866221fa0_0;
E_0000021866196fd0 .event anyedge, v0000021866227ee0_0, v000002186622c4c0_0, v0000021866228de0_0, v00000218662218c0_0;
E_0000021866197010 .event anyedge, v0000021866227ee0_0, v000002186622c4c0_0, v0000021866228de0_0, v0000021866221820_0;
E_0000021866198690 .event anyedge, v00000218662282a0_0, v0000021866228160_0;
E_0000021866197050 .event anyedge, v0000021866228160_0;
E_0000021866198050 .event anyedge, v000002186619d7f0_0;
E_00000218661985d0 .event anyedge, v0000021866228480_0, v00000218662282a0_0, v0000021866228160_0;
E_00000218661982d0 .event anyedge, v0000021866228480_0, v0000021866221dc0_0, v00000218662282a0_0;
E_0000021866198450 .event anyedge, v0000021866228480_0, v000002186622af80_0, v00000218662282a0_0;
E_0000021866197ad0 .event anyedge, v0000021866229560_0;
E_0000021866197d90 .event anyedge, v00000218662294c0_0;
E_00000218661980d0 .event anyedge, v0000021866229240_0;
E_00000218661977d0 .event anyedge, v0000021866229880_0;
L_000002186622d000 .part v000002186622ad00_0, 0, 3;
L_000002186622d3c0 .part v000002186622c380_0, 0, 3;
L_000002186622ca60 .part v000002186622ad00_0, 0, 3;
L_000002186622d640 .part v000002186622c380_0, 0, 3;
L_000002186622cc40 .part L_000002186628b030, 0, 3;
L_000002186622d6e0 .part v000002186622a260_0, 0, 3;
L_000002186622cce0 .part L_00000218662888d0, 0, 3;
L_000002186622d1e0 .part L_0000021866289050, 0, 3;
L_000002186622cd80 .arith/sum 32, v0000021866229380_0, L_000002186622f2f8;
L_000002186622ce20 .arith/sum 32, v000002186622a120_0, L_000002186622f340;
L_000002186622d320 .arith/sum 64, v000002186622ad00_0, L_000002186622f388;
L_000002186622cec0 .arith/sum 3, L_0000021866289690, L_000002186622f3d0;
L_000002186622d0a0 .arith/sum 64, v000002186622c380_0, L_000002186622f418;
L_000002186622d500 .arith/sum 32, L_0000021866288280, L_000002186622d960;
L_000002186622d5a0 .part v00000218662283e0_0, 0, 1;
L_000002186622d780 .part v00000218662283e0_0, 9, 1;
L_000002186622d8c0 .part v00000218662283e0_0, 10, 1;
L_000002186622da00 .part v00000218662283e0_0, 11, 1;
L_000002186628a1d0 .part v00000218662283e0_0, 1, 1;
L_000002186628abd0 .part v00000218662283e0_0, 2, 1;
L_000002186628a270 .part v00000218662283e0_0, 3, 1;
L_0000021866288dd0 .part v00000218662283e0_0, 4, 1;
L_000002186628a8b0 .part v00000218662283e0_0, 5, 1;
L_00000218662894b0 .part v00000218662283e0_0, 6, 1;
L_0000021866289550 .part v00000218662283e0_0, 7, 1;
L_00000218662895f0 .part v00000218662283e0_0, 8, 1;
L_000002186628aef0 .cmp/eq 32, v000002186622a120_0, o00000218661cdfc8;
L_0000021866289c30 .functor MUXZ 1, L_000002186622f538, L_000002186622f4f0, L_000002186628aef0, C4<>;
L_0000021866289ff0 .cmp/eq 32, v0000021866229380_0, o00000218661cc0a8;
L_000002186628aa90 .functor MUXZ 1, L_000002186622f5c8, L_000002186622f580, L_0000021866289ff0, C4<>;
L_00000218662890f0 .cmp/gt.s 64, v000002186622aee0_0, v000002186622ad00_0;
L_000002186628ad10 .functor MUXZ 1, L_000002186622f658, L_000002186622f610, L_00000218662890f0, C4<>;
L_0000021866288e70 .cmp/gt.s 64, v000002186622b8e0_0, v000002186622c380_0;
L_000002186628adb0 .functor MUXZ 1, L_000002186622f6e8, L_000002186622f6a0, L_0000021866288e70, C4<>;
L_0000021866288fb0 .extend/s 64, o00000218661cdd88;
L_000002186628a090 .extend/s 64, o00000218661cddb8;
L_0000021866289870 .extend/s 64, o00000218661cdea8;
L_000002186628ae50 .extend/s 64, o00000218661cded8;
L_0000021866289eb0 .part v0000021866229380_0, 0, 2;
L_0000021866289690 .part o00000218661cd998, 0, 3;
L_000002186628a450 .part o00000218661cd158, 0, 2;
L_0000021866289190 .concat [ 32 32 0 0], v000002186622a120_0, L_000002186622f730;
L_000002186628b030 .concat [ 32 32 0 0], v0000021866229920_0, L_000002186622f778;
L_0000021866289050 .concat [ 32 32 0 0], o00000218661cd998, L_000002186622f7c0;
L_00000218662888d0 .concat [ 3 61 0 0], L_000002186622cec0, L_000002186622f808;
S_0000021866032830 .scope module, "grp_spmm_csr_Pipeline_VITIS_LOOP_80_2_fu_558" "spmm_csr_spmm_csr_Pipeline_VITIS_LOOP_80_2" 2 254, 3 10 0, S_000002186606b1f0;
 .timescale -9 -12;
    .port_info 0 /INPUT 1 "ap_clk";
    .port_info 1 /INPUT 1 "ap_rst";
    .port_info 2 /INPUT 1 "ap_start";
    .port_info 3 /OUTPUT 1 "ap_done";
    .port_info 4 /OUTPUT 1 "ap_idle";
    .port_info 5 /OUTPUT 1 "ap_ready";
    .port_info 6 /INPUT 32 "idxempty";
    .port_info 7 /INPUT 32 "ColB";
    .port_info 8 /INPUT 32 "add2453_lcssa66";
    .port_info 9 /INPUT 32 "add2456_lcssa69";
    .port_info 10 /INPUT 32 "add2459_lcssa72";
    .port_info 11 /INPUT 32 "add2462_lcssa75";
    .port_info 12 /OUTPUT 4 "CIC_address0";
    .port_info 13 /OUTPUT 1 "CIC_ce0";
    .port_info 14 /OUTPUT 1 "CIC_we0";
    .port_info 15 /OUTPUT 32 "CIC_d0";
    .port_info 16 /OUTPUT 4 "NVC_address0";
    .port_info 17 /OUTPUT 1 "NVC_ce0";
    .port_info 18 /OUTPUT 1 "NVC_we0";
    .port_info 19 /OUTPUT 32 "NVC_d0";
    .port_info 20 /OUTPUT 32 "idxempty_1_out";
    .port_info 21 /OUTPUT 1 "idxempty_1_out_ap_vld";
P_0000021866198410 .param/l "ap_ST_fsm_pp0_stage0" 0 3 35, C4<1>;
L_000002186618db90 .functor BUFZ 32, v00000218662210a0_0, C4<00000000000000000000000000000000>, C4<00000000000000000000000000000000>, C4<00000000000000000000000000000000>;
L_000002186618dc00 .functor BUFZ 32, L_000002186618dab0, C4<00000000000000000000000000000000>, C4<00000000000000000000000000000000>, C4<00000000000000000000000000000000>;
L_000002186618e680 .functor BUFZ 1, v0000021866220df0_0, C4<0>, C4<0>, C4<0>;
L_000002186622ec38 .functor BUFT 1, C4<1>, C4<0>, C4<0>, C4<0>;
L_000002186618e5a0 .functor XOR 1, v00000218662227c0_0, L_000002186622ec38, C4<0>, C4<0>;
L_000002186618e450 .functor BUFZ 1, L_000002186618e300, C4<0>, C4<0>, C4<0>;
L_000002186618e4c0 .functor BUFZ 1, v0000021866220210_0, C4<0>, C4<0>, C4<0>;
L_000002186618e530 .functor BUFZ 32, v0000021866221280_0, C4<00000000000000000000000000000000>, C4<00000000000000000000000000000000>, C4<00000000000000000000000000000000>;
v000002186621f950_0 .net "CIC_address0", 3 0, L_000002186622b660;  alias, 1 drivers
v0000021866220670_0 .var "CIC_ce0", 0 0;
v0000021866220850_0 .net "CIC_d0", 31 0, L_000002186618db90;  alias, 1 drivers
v00000218662208f0_0 .var "CIC_we0", 0 0;
v0000021866220f30_0 .net "ColB", 31 0, o00000218661cc0a8;  alias, 0 drivers
v000002186621f630_0 .net "NVC_address0", 3 0, L_000002186622b980;  alias, 1 drivers
v0000021866220710_0 .var "NVC_ce0", 0 0;
v000002186621fa90_0 .net "NVC_d0", 31 0, L_000002186618dc00;  alias, 1 drivers
v0000021866220990_0 .var "NVC_we0", 0 0;
v00000218662205d0_0 .net/2u *"_ivl_26", 0 0, L_000002186622ec38;  1 drivers
v00000218662207b0_0 .net *"_ivl_34", 0 0, L_000002186622bc00;  1 drivers
L_000002186622ec80 .functor BUFT 1, C4<1>, C4<0>, C4<0>, C4<0>;
v000002186621fe50_0 .net/2u *"_ivl_36", 0 0, L_000002186622ec80;  1 drivers
L_000002186622ecc8 .functor BUFT 1, C4<0>, C4<0>, C4<0>, C4<0>;
v0000021866220b70_0 .net/2u *"_ivl_38", 0 0, L_000002186622ecc8;  1 drivers
L_000002186622ed10 .functor BUFT 1, C4<00000000000000000000000000000000>, C4<0>, C4<0>, C4<0>;
v000002186621f6d0_0 .net/2u *"_ivl_42", 31 0, L_000002186622ed10;  1 drivers
v000002186621f450_0 .net *"_ivl_44", 0 0, L_000002186622c920;  1 drivers
L_000002186622ed58 .functor BUFT 1, C4<1>, C4<0>, C4<0>, C4<0>;
v0000021866220170_0 .net/2u *"_ivl_46", 0 0, L_000002186622ed58;  1 drivers
L_000002186622eda0 .functor BUFT 1, C4<0>, C4<0>, C4<0>, C4<0>;
v0000021866220c10_0 .net/2u *"_ivl_48", 0 0, L_000002186622eda0;  1 drivers
L_000002186622ede8 .functor BUFT 1, C4<00000000000000000000000000000001>, C4<0>, C4<0>, C4<0>;
v0000021866220cb0_0 .net/2u *"_ivl_54", 31 0, L_000002186622ede8;  1 drivers
L_000002186622ee30 .functor BUFT 1, C4<00000000000000000000000000000000>, C4<0>, C4<0>, C4<0>;
v000002186621f4f0_0 .net *"_ivl_61", 31 0, L_000002186622ee30;  1 drivers
L_000002186622ea40 .functor BUFT 1, C4<00000000000000000000000000000001>, C4<0>, C4<0>, C4<0>;
v000002186621fb30_0 .net/2u *"_ivl_8", 31 0, L_000002186622ea40;  1 drivers
v000002186621fc70_0 .net "add2453_lcssa66", 31 0, v0000021866225950_0;  1 drivers
v000002186621f9f0_0 .net "add2456_lcssa69", 31 0, v0000021866226530_0;  1 drivers
v0000021866220d50_0 .net "add2459_lcssa72", 31 0, v0000021866226990_0;  1 drivers
v000002186621f590_0 .net "add2462_lcssa75", 31 0, v00000218662288e0_0;  1 drivers
v000002186621f8b0_0 .net "add_ln80_fu_142_p2", 31 0, L_000002186622bb60;  1 drivers
v0000021866220df0_0 .var "ap_CS_fsm", 0 0;
v000002186621fd10_0 .net "ap_CS_fsm_pp0_stage0", 0 0, L_000002186618e680;  1 drivers
v000002186621f130_0 .var "ap_NS_fsm", 0 0;
L_000002186622ea88 .functor BUFT 1, C4<0>, C4<0>, C4<0>, C4<0>;
v000002186621fbd0_0 .net "ap_block_pp0_stage0", 0 0, L_000002186622ea88;  1 drivers
L_000002186622ead0 .functor BUFT 1, C4<0>, C4<0>, C4<0>, C4<0>;
v000002186621f1d0_0 .net "ap_block_pp0_stage0_01001", 0 0, L_000002186622ead0;  1 drivers
L_000002186622eb18 .functor BUFT 1, C4<0>, C4<0>, C4<0>, C4<0>;
v000002186621fef0_0 .net "ap_block_pp0_stage0_11001", 0 0, L_000002186622eb18;  1 drivers
L_000002186622eb60 .functor BUFT 1, C4<0>, C4<0>, C4<0>, C4<0>;
v000002186621f270_0 .net "ap_block_pp0_stage0_subdone", 0 0, L_000002186622eb60;  1 drivers
L_000002186622eba8 .functor BUFT 1, C4<0>, C4<0>, C4<0>, C4<0>;
v000002186621f310_0 .net "ap_block_state1_pp0_stage0_iter0", 0 0, L_000002186622eba8;  1 drivers
L_000002186622ebf0 .functor BUFT 1, C4<0>, C4<0>, C4<0>, C4<0>;
v000002186621f3b0_0 .net "ap_block_state2_pp0_stage0_iter1", 0 0, L_000002186622ebf0;  1 drivers
v000002186621ff90_0 .net "ap_clk", 0 0, o00000218661cafc8;  alias, 0 drivers
v00000218662200d0_0 .var "ap_condition_182", 0 0;
v0000021866220210_0 .var "ap_condition_exit_pp0_iter1_stage0", 0 0;
L_000002186622e9f8 .functor BUFT 1, C4<1>, C4<0>, C4<0>, C4<0>;
v00000218662202b0_0 .net "ap_continue_int", 0 0, L_000002186622e9f8;  1 drivers
v0000021866220350_0 .net "ap_done", 0 0, v000002186619d7f0_0;  alias, 1 drivers
v0000021866220490_0 .var "ap_done_int", 0 0;
v0000021866220530_0 .var "ap_done_reg", 0 0;
v00000218662215a0_0 .net "ap_enable_pp0", 0 0, L_000002186618e5a0;  1 drivers
v0000021866222f40_0 .net "ap_enable_reg_pp0_iter0", 0 0, L_000002186618e450;  1 drivers
v00000218662225e0_0 .var "ap_enable_reg_pp0_iter1", 0 0;
v0000021866221c80_0 .var "ap_idle", 0 0;
v00000218662227c0_0 .var "ap_idle_pp0", 0 0;
v0000021866222d60_0 .net "ap_loop_exit_ready", 0 0, L_000002186618e4c0;  1 drivers
v0000021866222180_0 .net "ap_loop_init", 0 0, L_000002186618c770;  1 drivers
v0000021866221a00_0 .net "ap_ready", 0 0, L_000002186618db20;  alias, 1 drivers
v0000021866222a40_0 .var "ap_ready_int", 0 0;
v0000021866222ae0_0 .net "ap_rst", 0 0, o00000218661cb1a8;  alias, 0 drivers
v0000021866222e00_0 .net "ap_start", 0 0, v000002186622a9e0_0;  alias, 1 drivers
v0000021866221d20_0 .net "ap_start_int", 0 0, L_000002186618e300;  1 drivers
v00000218662210a0_0 .var "c_fu_46", 31 0;
v0000021866222900_0 .net "icmp_ln80_fu_137_p2", 0 0, L_000002186622df00;  1 drivers
v0000021866221be0_0 .net "icmp_ln81_fu_159_p2", 0 0, L_000002186622cb00;  1 drivers
v0000021866221140_0 .net "idxempty", 31 0, v000002186622b5c0_0;  1 drivers
v0000021866221280_0 .var "idxempty_1_fu_50", 31 0;
v0000021866221dc0_0 .net "idxempty_1_out", 31 0, L_000002186618e530;  alias, 1 drivers
v0000021866221500_0 .var "idxempty_1_out_ap_vld", 0 0;
v0000021866221320_0 .net "idxempty_2_fu_174_p2", 31 0, L_000002186622dbe0;  1 drivers
v0000021866222ea0_0 .net "tmp_1_fu_148_p6", 31 0, L_000002186618dab0;  1 drivers
v0000021866222040_0 .net "zext_ln82_fu_168_p1", 63 0, L_000002186622d820;  1 drivers
E_0000021866197b50 .event anyedge, v0000021866221be0_0, v0000021866222900_0, v00000218662225e0_0;
E_0000021866198490 .event anyedge, v0000021866220df0_0;
E_0000021866197bd0 .event anyedge, v0000021866222900_0, v000002186621fef0_0, v000002186621fd10_0;
E_0000021866197b90 .event anyedge, v000002186621f270_0, v0000021866222f40_0, v000002186621fd10_0;
E_0000021866198110 .event anyedge, v00000218662225e0_0, v0000021866222f40_0;
E_0000021866197c90 .event anyedge, v00000218662227c0_0, v000002186621fd10_0, v000002186619d110_0;
E_0000021866197dd0 .event anyedge, v0000021866222d60_0, v000002186621f270_0, v000002186621fd10_0, v0000021866220530_0;
E_00000218661984d0 .event anyedge, v0000021866222900_0, v000002186621f270_0, v00000218662225e0_0, v000002186621fd10_0;
E_0000021866198250/0 .event anyedge, v0000021866221be0_0, v0000021866222900_0, v000002186621fef0_0, v00000218662225e0_0;
E_0000021866198250/1 .event anyedge, v000002186621fd10_0;
E_0000021866198250 .event/or E_0000021866198250/0, E_0000021866198250/1;
E_0000021866198090 .event anyedge, v000002186621fef0_0, v00000218662225e0_0, v000002186621fd10_0;
L_000002186622b660 .part L_000002186622d820, 0, 4;
L_000002186622b980 .part L_000002186622d820, 0, 4;
L_000002186622bb60 .arith/sum 32, v00000218662210a0_0, L_000002186622ea40;
L_000002186622bc00 .cmp/eq 32, v00000218662210a0_0, o00000218661cc0a8;
L_000002186622df00 .functor MUXZ 1, L_000002186622ecc8, L_000002186622ec80, L_000002186622bc00, C4<>;
L_000002186622c920 .cmp/eq 32, L_000002186618dab0, L_000002186622ed10;
L_000002186622cb00 .functor MUXZ 1, L_000002186622eda0, L_000002186622ed58, L_000002186622c920, C4<>;
L_000002186622dbe0 .arith/sum 32, v0000021866221280_0, L_000002186622ede8;
L_000002186622d820 .concat [ 32 32 0 0], v0000021866221280_0, L_000002186622ee30;
S_00000218660329c0 .scope module, "flow_control_loop_pipe_sequential_init_U" "spmm_csr_flow_control_loop_pipe_sequential_init" 3 124, 4 8 0, S_0000021866032830;
 .timescale -9 -12;
    .port_info 0 /INPUT 1 "ap_clk";
    .port_info 1 /INPUT 1 "ap_rst";
    .port_info 2 /INPUT 1 "ap_start";
    .port_info 3 /OUTPUT 1 "ap_ready";
    .port_info 4 /OUTPUT 1 "ap_done";
    .port_info 5 /OUTPUT 1 "ap_start_int";
    .port_info 6 /INPUT 1 "ap_ready_int";
    .port_info 7 /INPUT 1 "ap_done_int";
    .port_info 8 /OUTPUT 1 "ap_continue_int";
    .port_info 9 /OUTPUT 1 "ap_loop_init";
    .port_info 10 /INPUT 1 "ap_loop_exit_ready";
    .port_info 11 /INPUT 1 "ap_loop_exit_done";
L_000002186618e300 .functor BUFZ 1, v000002186622a9e0_0, C4<0>, C4<0>, C4<0>;
L_000002186618db20 .functor BUFZ 1, v0000021866220210_0, C4<0>, C4<0>, C4<0>;
L_000002186618c770 .functor AND 1, v000002186619e290_0, v000002186622a9e0_0, C4<1>, C4<1>;
v000002186619de30_0 .net "ap_clk", 0 0, o00000218661cafc8;  alias, 0 drivers
v000002186619c850_0 .net "ap_continue_int", 0 0, L_000002186622e9f8;  alias, 1 drivers
v000002186619d7f0_0 .var "ap_done", 0 0;
v000002186619e1f0_0 .var "ap_done_cache", 0 0;
v000002186619d6b0_0 .net "ap_done_int", 0 0, v0000021866220490_0;  1 drivers
v000002186619d250_0 .net "ap_loop_exit_done", 0 0, v0000021866220490_0;  alias, 1 drivers
v000002186619d750_0 .net "ap_loop_exit_ready", 0 0, v0000021866220210_0;  1 drivers
v000002186619dbb0_0 .net "ap_loop_init", 0 0, L_000002186618c770;  alias, 1 drivers
v000002186619e290_0 .var "ap_loop_init_int", 0 0;
v000002186619cfd0_0 .net "ap_ready", 0 0, L_000002186618db20;  alias, 1 drivers
v000002186619c990_0 .net "ap_ready_int", 0 0, v0000021866222a40_0;  1 drivers
v000002186619d1b0_0 .net "ap_rst", 0 0, o00000218661cb1a8;  alias, 0 drivers
v000002186619e0b0_0 .net "ap_start", 0 0, v000002186622a9e0_0;  alias, 1 drivers
v000002186619d110_0 .net "ap_start_int", 0 0, L_000002186618e300;  alias, 1 drivers
E_0000021866198510 .event anyedge, v000002186619d6b0_0, v000002186619e1f0_0, v000002186619d110_0;
E_0000021866197a90 .event posedge, v000002186619de30_0;
S_00000218660aa420 .scope module, "mux_432_32_1_1_U1" "spmm_csr_mux_432_32_1_1" 3 115, 5 8 0, S_0000021866032830;
 .timescale -9 -12;
    .port_info 0 /INPUT 32 "din0";
    .port_info 1 /INPUT 32 "din1";
    .port_info 2 /INPUT 32 "din2";
    .port_info 3 /INPUT 32 "din3";
    .port_info 4 /INPUT 32 "din4";
    .port_info 5 /OUTPUT 32 "dout";
P_00000218660aa5b0 .param/l "ID" 0 5 10, +C4<00000000000000000000000000000001>;
P_00000218660aa5e8 .param/l "NUM_STAGE" 0 5 11, +C4<00000000000000000000000000000001>;
P_00000218660aa620 .param/l "din0_WIDTH" 0 5 12, +C4<00000000000000000000000000100000>;
P_00000218660aa658 .param/l "din1_WIDTH" 0 5 13, +C4<00000000000000000000000000100000>;
P_00000218660aa690 .param/l "din2_WIDTH" 0 5 14, +C4<00000000000000000000000000100000>;
P_00000218660aa6c8 .param/l "din3_WIDTH" 0 5 15, +C4<00000000000000000000000000100000>;
P_00000218660aa700 .param/l "din4_WIDTH" 0 5 16, +C4<00000000000000000000000000100000>;
P_00000218660aa738 .param/l "dout_WIDTH" 0 5 17, +C4<00000000000000000000000000100000>;
L_000002186618e060 .functor BUFZ 32, v00000218662210a0_0, C4<00000000000000000000000000000000>, C4<00000000000000000000000000000000>, C4<00000000000000000000000000000000>;
L_000002186618dd50 .functor BUFZ 32, L_000002186622ba20, C4<00000000000000000000000000000000>, C4<00000000000000000000000000000000>, C4<00000000000000000000000000000000>;
L_000002186618d490 .functor BUFZ 32, L_000002186618dd50, C4<00000000000000000000000000000000>, C4<00000000000000000000000000000000>, C4<00000000000000000000000000000000>;
L_000002186618d810 .functor BUFZ 32, L_000002186618d490, C4<00000000000000000000000000000000>, C4<00000000000000000000000000000000>, C4<00000000000000000000000000000000>;
L_000002186618ce70 .functor BUFZ 32, L_000002186618d810, C4<00000000000000000000000000000000>, C4<00000000000000000000000000000000>, C4<00000000000000000000000000000000>;
L_000002186618cee0 .functor BUFZ 32, L_000002186618ce70, C4<00000000000000000000000000000000>, C4<00000000000000000000000000000000>, C4<00000000000000000000000000000000>;
L_000002186618cfc0 .functor BUFZ 32, L_000002186618cee0, C4<00000000000000000000000000000000>, C4<00000000000000000000000000000000>, C4<00000000000000000000000000000000>;
L_000002186618dc70 .functor BUFZ 32, L_000002186618cfc0, C4<00000000000000000000000000000000>, C4<00000000000000000000000000000000>, C4<00000000000000000000000000000000>;
L_000002186618da40 .functor BUFZ 32, L_000002186618dc70, C4<00000000000000000000000000000000>, C4<00000000000000000000000000000000>, C4<00000000000000000000000000000000>;
L_000002186618ccb0 .functor BUFZ 32, L_000002186618da40, C4<00000000000000000000000000000000>, C4<00000000000000000000000000000000>, C4<00000000000000000000000000000000>;
L_000002186618d030 .functor BUFZ 32, L_000002186618ccb0, C4<00000000000000000000000000000000>, C4<00000000000000000000000000000000>, C4<00000000000000000000000000000000>;
L_000002186618d8f0 .functor BUFZ 32, L_000002186618d030, C4<00000000000000000000000000000000>, C4<00000000000000000000000000000000>, C4<00000000000000000000000000000000>;
L_000002186618d110 .functor BUFZ 32, L_000002186618d8f0, C4<00000000000000000000000000000000>, C4<00000000000000000000000000000000>, C4<00000000000000000000000000000000>;
L_000002186618c8c0 .functor BUFZ 32, L_000002186618d110, C4<00000000000000000000000000000000>, C4<00000000000000000000000000000000>, C4<00000000000000000000000000000000>;
L_000002186618cb60 .functor BUFZ 32, L_000002186618c8c0, C4<00000000000000000000000000000000>, C4<00000000000000000000000000000000>, C4<00000000000000000000000000000000>;
L_000002186618dea0 .functor BUFZ 32, L_000002186618cb60, C4<00000000000000000000000000000000>, C4<00000000000000000000000000000000>, C4<00000000000000000000000000000000>;
L_000002186618cbd0 .functor BUFZ 32, L_000002186618dea0, C4<00000000000000000000000000000000>, C4<00000000000000000000000000000000>, C4<00000000000000000000000000000000>;
L_000002186618d1f0 .functor BUFZ 32, L_000002186618cbd0, C4<00000000000000000000000000000000>, C4<00000000000000000000000000000000>, C4<00000000000000000000000000000000>;
L_000002186618d650 .functor BUFZ 32, L_000002186618d1f0, C4<00000000000000000000000000000000>, C4<00000000000000000000000000000000>, C4<00000000000000000000000000000000>;
L_000002186618ddc0 .functor BUFZ 32, L_000002186618d650, C4<00000000000000000000000000000000>, C4<00000000000000000000000000000000>, C4<00000000000000000000000000000000>;
L_000002186618cd90 .functor BUFZ 32, L_000002186618ddc0, C4<00000000000000000000000000000000>, C4<00000000000000000000000000000000>, C4<00000000000000000000000000000000>;
L_000002186618d960 .functor BUFZ 32, L_000002186618cd90, C4<00000000000000000000000000000000>, C4<00000000000000000000000000000000>, C4<00000000000000000000000000000000>;
L_000002186618e0d0 .functor BUFZ 32, L_000002186618d960, C4<00000000000000000000000000000000>, C4<00000000000000000000000000000000>, C4<00000000000000000000000000000000>;
L_000002186618e140 .functor BUFZ 32, L_000002186618e0d0, C4<00000000000000000000000000000000>, C4<00000000000000000000000000000000>, C4<00000000000000000000000000000000>;
L_000002186618d500 .functor BUFZ 32, L_000002186618e140, C4<00000000000000000000000000000000>, C4<00000000000000000000000000000000>, C4<00000000000000000000000000000000>;
L_000002186618e1b0 .functor BUFZ 32, L_000002186618d500, C4<00000000000000000000000000000000>, C4<00000000000000000000000000000000>, C4<00000000000000000000000000000000>;
L_000002186618d570 .functor BUFZ 32, L_000002186618e1b0, C4<00000000000000000000000000000000>, C4<00000000000000000000000000000000>, C4<00000000000000000000000000000000>;
L_000002186618cf50 .functor BUFZ 32, L_000002186618d570, C4<00000000000000000000000000000000>, C4<00000000000000000000000000000000>, C4<00000000000000000000000000000000>;
L_000002186618d260 .functor BUFZ 32, L_000002186618cf50, C4<00000000000000000000000000000000>, C4<00000000000000000000000000000000>, C4<00000000000000000000000000000000>;
L_000002186618d5e0 .functor BUFZ 32, L_000002186618d260, C4<00000000000000000000000000000000>, C4<00000000000000000000000000000000>, C4<00000000000000000000000000000000>;
L_000002186618d9d0 .functor BUFZ 32, L_000002186618d5e0, C4<00000000000000000000000000000000>, C4<00000000000000000000000000000000>, C4<00000000000000000000000000000000>;
L_000002186618dab0 .functor BUFZ 32, L_000002186618d9d0, C4<00000000000000000000000000000000>, C4<00000000000000000000000000000000>, C4<00000000000000000000000000000000>;
v000002186619db10_0 .net *"_ivl_10", 0 0, L_000002186622b020;  1 drivers
v000002186619cdf0_0 .net *"_ivl_15", 0 0, L_000002186622a940;  1 drivers
v000002186619e470_0 .net *"_ivl_16", 31 0, L_000002186622b200;  1 drivers
L_000002186622e8d8 .functor BUFT 1, C4<0000000000000000000000000000000>, C4<0>, C4<0>, C4<0>;
v000002186619cc10_0 .net *"_ivl_19", 30 0, L_000002186622e8d8;  1 drivers
L_000002186622e920 .functor BUFT 1, C4<00000000000000000000000000000000>, C4<0>, C4<0>, C4<0>;
v000002186619d4d0_0 .net/2u *"_ivl_20", 31 0, L_000002186622e920;  1 drivers
v000002186619e150_0 .net *"_ivl_22", 0 0, L_000002186622b2a0;  1 drivers
v000002186619d570_0 .net *"_ivl_27", 0 0, L_000002186622b3e0;  1 drivers
v000002186619ded0_0 .net *"_ivl_28", 31 0, L_000002186622b480;  1 drivers
v000002186619cd50_0 .net *"_ivl_3", 0 0, L_000002186622a620;  1 drivers
L_000002186622e968 .functor BUFT 1, C4<0000000000000000000000000000000>, C4<0>, C4<0>, C4<0>;
v000002186619d890_0 .net *"_ivl_31", 30 0, L_000002186622e968;  1 drivers
L_000002186622e9b0 .functor BUFT 1, C4<00000000000000000000000000000000>, C4<0>, C4<0>, C4<0>;
v000002186619cf30_0 .net/2u *"_ivl_32", 31 0, L_000002186622e9b0;  1 drivers
v000002186619c8f0_0 .net *"_ivl_34", 0 0, L_000002186622b520;  1 drivers
v000002186619d930_0 .net *"_ivl_4", 31 0, L_000002186622a6c0;  1 drivers
L_000002186622e848 .functor BUFT 1, C4<0000000000000000000000000000000>, C4<0>, C4<0>, C4<0>;
v000002186619e510_0 .net *"_ivl_7", 30 0, L_000002186622e848;  1 drivers
L_000002186622e890 .functor BUFT 1, C4<00000000000000000000000000000000>, C4<0>, C4<0>, C4<0>;
v000002186619ca30_0 .net/2u *"_ivl_8", 31 0, L_000002186622e890;  1 drivers
v000002186619dcf0_0 .net "din0", 31 0, v0000021866225950_0;  alias, 1 drivers
v000002186619cad0_0 .net "din1", 31 0, v0000021866226530_0;  alias, 1 drivers
v000002186619df70_0 .net "din2", 31 0, v0000021866226990_0;  alias, 1 drivers
v000002186619e010_0 .net "din3", 31 0, v00000218662288e0_0;  alias, 1 drivers
v000002186619d070_0 .net "din4", 31 0, v00000218662210a0_0;  1 drivers
v0000021866184360_0 .net "dout", 31 0, L_000002186618dab0;  alias, 1 drivers
v0000021866183960_0 .net "mux_10_0", 31 0, L_000002186618da40;  1 drivers
v0000021866183a00_0 .net "mux_11_0", 31 0, L_000002186618ccb0;  1 drivers
v0000021866183aa0_0 .net "mux_12_0", 31 0, L_000002186618d030;  1 drivers
v0000021866183b40_0 .net "mux_13_0", 31 0, L_000002186618d8f0;  1 drivers
v0000021866184400_0 .net "mux_14_0", 31 0, L_000002186618d110;  1 drivers
v0000021866184220_0 .net "mux_15_0", 31 0, L_000002186618c8c0;  1 drivers
v00000218661842c0_0 .net "mux_16_0", 31 0, L_000002186618cb60;  1 drivers
v0000021866184540_0 .net "mux_17_0", 31 0, L_000002186618dea0;  1 drivers
v0000021866182740_0 .net "mux_18_0", 31 0, L_000002186618cbd0;  1 drivers
v00000218661827e0_0 .net "mux_19_0", 31 0, L_000002186618d1f0;  1 drivers
v00000218661845e0_0 .net "mux_1_0", 31 0, L_000002186622a8a0;  1 drivers
v0000021866182880_0 .net "mux_1_1", 31 0, L_000002186622b340;  1 drivers
v0000021866182ba0_0 .net "mux_20_0", 31 0, L_000002186618d650;  1 drivers
v0000021866182ec0_0 .net "mux_21_0", 31 0, L_000002186618ddc0;  1 drivers
v0000021866182c40_0 .net "mux_22_0", 31 0, L_000002186618cd90;  1 drivers
v0000021866182f60_0 .net "mux_23_0", 31 0, L_000002186618d960;  1 drivers
v0000021866183000_0 .net "mux_24_0", 31 0, L_000002186618e0d0;  1 drivers
v00000218661831e0_0 .net "mux_25_0", 31 0, L_000002186618e140;  1 drivers
v00000218661540e0_0 .net "mux_26_0", 31 0, L_000002186618d500;  1 drivers
v0000021866154180_0 .net "mux_27_0", 31 0, L_000002186618e1b0;  1 drivers
v00000218661544a0_0 .net "mux_28_0", 31 0, L_000002186618d570;  1 drivers
v0000021866154220_0 .net "mux_29_0", 31 0, L_000002186618cf50;  1 drivers
v00000218661542c0_0 .net "mux_2_0", 31 0, L_000002186622ba20;  1 drivers
v00000218661666e0_0 .net "mux_30_0", 31 0, L_000002186618d260;  1 drivers
v0000021866166c80_0 .net "mux_31_0", 31 0, L_000002186618d5e0;  1 drivers
v000002186621fdb0_0 .net "mux_32_0", 31 0, L_000002186618d9d0;  1 drivers
v0000021866220e90_0 .net "mux_3_0", 31 0, L_000002186618dd50;  1 drivers
v000002186621f090_0 .net "mux_4_0", 31 0, L_000002186618d490;  1 drivers
v0000021866220030_0 .net "mux_5_0", 31 0, L_000002186618d810;  1 drivers
v0000021866220a30_0 .net "mux_6_0", 31 0, L_000002186618ce70;  1 drivers
v000002186621f770_0 .net "mux_7_0", 31 0, L_000002186618cee0;  1 drivers
v0000021866220ad0_0 .net "mux_8_0", 31 0, L_000002186618cfc0;  1 drivers
v00000218662203f0_0 .net "mux_9_0", 31 0, L_000002186618dc70;  1 drivers
v000002186621f810_0 .net "sel", 31 0, L_000002186618e060;  1 drivers
L_000002186622a620 .part L_000002186618e060, 0, 1;
L_000002186622a6c0 .concat [ 1 31 0 0], L_000002186622a620, L_000002186622e848;
L_000002186622b020 .cmp/eq 32, L_000002186622a6c0, L_000002186622e890;
L_000002186622a8a0 .functor MUXZ 32, v0000021866226530_0, v0000021866225950_0, L_000002186622b020, C4<>;
L_000002186622a940 .part L_000002186618e060, 0, 1;
L_000002186622b200 .concat [ 1 31 0 0], L_000002186622a940, L_000002186622e8d8;
L_000002186622b2a0 .cmp/eq 32, L_000002186622b200, L_000002186622e920;
L_000002186622b340 .functor MUXZ 32, v00000218662288e0_0, v0000021866226990_0, L_000002186622b2a0, C4<>;
L_000002186622b3e0 .part L_000002186618e060, 1, 1;
L_000002186622b480 .concat [ 1 31 0 0], L_000002186622b3e0, L_000002186622e968;
L_000002186622b520 .cmp/eq 32, L_000002186622b480, L_000002186622e9b0;
L_000002186622ba20 .functor MUXZ 32, L_000002186622b340, L_000002186622a8a0, L_000002186622b520, C4<>;
S_00000218661b6dc0 .scope module, "mul_32s_32s_32_1_1_U12" "spmm_csr_mul_32s_32s_32_1_1" 2 285, 6 9 0, S_000002186606b1f0;
 .timescale -9 -12;
    .port_info 0 /INPUT 32 "din0";
    .port_info 1 /INPUT 32 "din1";
    .port_info 2 /OUTPUT 32 "dout";
P_0000021866181a00 .param/l "ID" 0 6 10, +C4<00000000000000000000000000000001>;
P_0000021866181a38 .param/l "NUM_STAGE" 0 6 11, +C4<00000000000000000000000000000001>;
P_0000021866181a70 .param/l "din0_WIDTH" 0 6 12, +C4<00000000000000000000000000100000>;
P_0000021866181aa8 .param/l "din1_WIDTH" 0 6 13, +C4<00000000000000000000000000100000>;
P_0000021866181ae0 .param/l "dout_WIDTH" 0 6 14, +C4<00000000000000000000000000100000>;
v0000021866221780_0 .net "din0", 31 0, o00000218661ccca8;  alias, 0 drivers
v0000021866222b80_0 .net "din1", 31 0, v000002186622c560_0;  1 drivers
v00000218662211e0_0 .net "dout", 31 0, L_000002186622d960;  alias, 1 drivers
L_000002186622d960 .arith/mult 32, o00000218661ccca8, v000002186622c560_0;
S_0000021866223060 .scope module, "mux_432_32_1_1_U13" "spmm_csr_mux_432_32_1_1" 2 300, 5 8 0, S_000002186606b1f0;
 .timescale -9 -12;
    .port_info 0 /INPUT 32 "din0";
    .port_info 1 /INPUT 32 "din1";
    .port_info 2 /INPUT 32 "din2";
    .port_info 3 /INPUT 32 "din3";
    .port_info 4 /INPUT 32 "din4";
    .port_info 5 /OUTPUT 32 "dout";
P_00000218662231f0 .param/l "ID" 0 5 10, +C4<00000000000000000000000000000001>;
P_0000021866223228 .param/l "NUM_STAGE" 0 5 11, +C4<00000000000000000000000000000001>;
P_0000021866223260 .param/l "din0_WIDTH" 0 5 12, +C4<00000000000000000000000000100000>;
P_0000021866223298 .param/l "din1_WIDTH" 0 5 13, +C4<00000000000000000000000000100000>;
P_00000218662232d0 .param/l "din2_WIDTH" 0 5 14, +C4<00000000000000000000000000100000>;
P_0000021866223308 .param/l "din3_WIDTH" 0 5 15, +C4<00000000000000000000000000100000>;
P_0000021866223340 .param/l "din4_WIDTH" 0 5 16, +C4<00000000000000000000000000100000>;
P_0000021866223378 .param/l "dout_WIDTH" 0 5 17, +C4<00000000000000000000000000100000>;
L_000002186618e370 .functor BUFZ 32, o00000218661cd158, C4<00000000000000000000000000000000>, C4<00000000000000000000000000000000>, C4<00000000000000000000000000000000>;
L_000002186618e3e0 .functor BUFZ 32, L_000002186622c880, C4<00000000000000000000000000000000>, C4<00000000000000000000000000000000>, C4<00000000000000000000000000000000>;
L_0000021866114330 .functor BUFZ 32, L_000002186618e3e0, C4<00000000000000000000000000000000>, C4<00000000000000000000000000000000>, C4<00000000000000000000000000000000>;
L_0000021866113ca0 .functor BUFZ 32, L_0000021866114330, C4<00000000000000000000000000000000>, C4<00000000000000000000000000000000>, C4<00000000000000000000000000000000>;
L_0000021866112a40 .functor BUFZ 32, L_0000021866113ca0, C4<00000000000000000000000000000000>, C4<00000000000000000000000000000000>, C4<00000000000000000000000000000000>;
L_00000218661130d0 .functor BUFZ 32, L_0000021866112a40, C4<00000000000000000000000000000000>, C4<00000000000000000000000000000000>, C4<00000000000000000000000000000000>;
L_0000021866112e30 .functor BUFZ 32, L_00000218661130d0, C4<00000000000000000000000000000000>, C4<00000000000000000000000000000000>, C4<00000000000000000000000000000000>;
L_0000021866112ab0 .functor BUFZ 32, L_0000021866112e30, C4<00000000000000000000000000000000>, C4<00000000000000000000000000000000>, C4<00000000000000000000000000000000>;
L_00000218661133e0 .functor BUFZ 32, L_0000021866112ab0, C4<00000000000000000000000000000000>, C4<00000000000000000000000000000000>, C4<00000000000000000000000000000000>;
L_0000021866113d10 .functor BUFZ 32, L_00000218661133e0, C4<00000000000000000000000000000000>, C4<00000000000000000000000000000000>, C4<00000000000000000000000000000000>;
L_0000021866113a00 .functor BUFZ 32, L_0000021866113d10, C4<00000000000000000000000000000000>, C4<00000000000000000000000000000000>, C4<00000000000000000000000000000000>;
L_0000021866288440 .functor BUFZ 32, L_0000021866113a00, C4<00000000000000000000000000000000>, C4<00000000000000000000000000000000>, C4<00000000000000000000000000000000>;
L_0000021866287560 .functor BUFZ 32, L_0000021866288440, C4<00000000000000000000000000000000>, C4<00000000000000000000000000000000>, C4<00000000000000000000000000000000>;
L_0000021866286df0 .functor BUFZ 32, L_0000021866287560, C4<00000000000000000000000000000000>, C4<00000000000000000000000000000000>, C4<00000000000000000000000000000000>;
L_0000021866287d40 .functor BUFZ 32, L_0000021866286df0, C4<00000000000000000000000000000000>, C4<00000000000000000000000000000000>, C4<00000000000000000000000000000000>;
L_0000021866287480 .functor BUFZ 32, L_0000021866287d40, C4<00000000000000000000000000000000>, C4<00000000000000000000000000000000>, C4<00000000000000000000000000000000>;
L_00000218662874f0 .functor BUFZ 32, L_0000021866287480, C4<00000000000000000000000000000000>, C4<00000000000000000000000000000000>, C4<00000000000000000000000000000000>;
L_0000021866287950 .functor BUFZ 32, L_00000218662874f0, C4<00000000000000000000000000000000>, C4<00000000000000000000000000000000>, C4<00000000000000000000000000000000>;
L_0000021866287a30 .functor BUFZ 32, L_0000021866287950, C4<00000000000000000000000000000000>, C4<00000000000000000000000000000000>, C4<00000000000000000000000000000000>;
L_0000021866287c60 .functor BUFZ 32, L_0000021866287a30, C4<00000000000000000000000000000000>, C4<00000000000000000000000000000000>, C4<00000000000000000000000000000000>;
L_00000218662880c0 .functor BUFZ 32, L_0000021866287c60, C4<00000000000000000000000000000000>, C4<00000000000000000000000000000000>, C4<00000000000000000000000000000000>;
L_00000218662868b0 .functor BUFZ 32, L_00000218662880c0, C4<00000000000000000000000000000000>, C4<00000000000000000000000000000000>, C4<00000000000000000000000000000000>;
L_0000021866287330 .functor BUFZ 32, L_00000218662868b0, C4<00000000000000000000000000000000>, C4<00000000000000000000000000000000>, C4<00000000000000000000000000000000>;
L_0000021866287b10 .functor BUFZ 32, L_0000021866287330, C4<00000000000000000000000000000000>, C4<00000000000000000000000000000000>, C4<00000000000000000000000000000000>;
L_0000021866286fb0 .functor BUFZ 32, L_0000021866287b10, C4<00000000000000000000000000000000>, C4<00000000000000000000000000000000>, C4<00000000000000000000000000000000>;
L_0000021866287100 .functor BUFZ 32, L_0000021866286fb0, C4<00000000000000000000000000000000>, C4<00000000000000000000000000000000>, C4<00000000000000000000000000000000>;
L_0000021866287800 .functor BUFZ 32, L_0000021866287100, C4<00000000000000000000000000000000>, C4<00000000000000000000000000000000>, C4<00000000000000000000000000000000>;
L_0000021866287640 .functor BUFZ 32, L_0000021866287800, C4<00000000000000000000000000000000>, C4<00000000000000000000000000000000>, C4<00000000000000000000000000000000>;
L_0000021866287090 .functor BUFZ 32, L_0000021866287640, C4<00000000000000000000000000000000>, C4<00000000000000000000000000000000>, C4<00000000000000000000000000000000>;
L_0000021866287170 .functor BUFZ 32, L_0000021866287090, C4<00000000000000000000000000000000>, C4<00000000000000000000000000000000>, C4<00000000000000000000000000000000>;
L_00000218662879c0 .functor BUFZ 32, L_0000021866287170, C4<00000000000000000000000000000000>, C4<00000000000000000000000000000000>, C4<00000000000000000000000000000000>;
L_0000021866288280 .functor BUFZ 32, L_00000218662879c0, C4<00000000000000000000000000000000>, C4<00000000000000000000000000000000>, C4<00000000000000000000000000000000>;
v0000021866221e60_0 .net *"_ivl_10", 0 0, L_000002186622db40;  1 drivers
v0000021866222360_0 .net *"_ivl_15", 0 0, L_000002186622d280;  1 drivers
v0000021866222c20_0 .net *"_ivl_16", 31 0, L_000002186622d460;  1 drivers
L_000002186622ef08 .functor BUFT 1, C4<0000000000000000000000000000000>, C4<0>, C4<0>, C4<0>;
v0000021866222cc0_0 .net *"_ivl_19", 30 0, L_000002186622ef08;  1 drivers
L_000002186622ef50 .functor BUFT 1, C4<00000000000000000000000000000000>, C4<0>, C4<0>, C4<0>;
v00000218662213c0_0 .net/2u *"_ivl_20", 31 0, L_000002186622ef50;  1 drivers
v0000021866222680_0 .net *"_ivl_22", 0 0, L_000002186622ddc0;  1 drivers
v00000218662229a0_0 .net *"_ivl_27", 0 0, L_000002186622dd20;  1 drivers
v0000021866222540_0 .net *"_ivl_28", 31 0, L_000002186622cf60;  1 drivers
v00000218662220e0_0 .net *"_ivl_3", 0 0, L_000002186622d140;  1 drivers
L_000002186622ef98 .functor BUFT 1, C4<0000000000000000000000000000000>, C4<0>, C4<0>, C4<0>;
v0000021866221460_0 .net *"_ivl_31", 30 0, L_000002186622ef98;  1 drivers
L_000002186622efe0 .functor BUFT 1, C4<00000000000000000000000000000000>, C4<0>, C4<0>, C4<0>;
v00000218662222c0_0 .net/2u *"_ivl_32", 31 0, L_000002186622efe0;  1 drivers
v0000021866221640_0 .net *"_ivl_34", 0 0, L_000002186622de60;  1 drivers
v0000021866221f00_0 .net *"_ivl_4", 31 0, L_000002186622cba0;  1 drivers
L_000002186622ee78 .functor BUFT 1, C4<0000000000000000000000000000000>, C4<0>, C4<0>, C4<0>;
v00000218662216e0_0 .net *"_ivl_7", 30 0, L_000002186622ee78;  1 drivers
L_000002186622eec0 .functor BUFT 1, C4<00000000000000000000000000000000>, C4<0>, C4<0>, C4<0>;
v0000021866222860_0 .net/2u *"_ivl_8", 31 0, L_000002186622eec0;  1 drivers
v0000021866221820_0 .net "din0", 31 0, v0000021866225a90_0;  1 drivers
v00000218662218c0_0 .net "din1", 31 0, v00000218662265d0_0;  1 drivers
v0000021866221fa0_0 .net "din2", 31 0, v0000021866226a30_0;  1 drivers
v0000021866222400_0 .net "din3", 31 0, v0000021866228520_0;  1 drivers
v00000218662224a0_0 .net "din4", 31 0, o00000218661cd158;  alias, 0 drivers
v0000021866222220_0 .net "dout", 31 0, L_0000021866288280;  alias, 1 drivers
v0000021866221960_0 .net "mux_10_0", 31 0, L_00000218661133e0;  1 drivers
v0000021866222720_0 .net "mux_11_0", 31 0, L_0000021866113d10;  1 drivers
v0000021866221aa0_0 .net "mux_12_0", 31 0, L_0000021866113a00;  1 drivers
v0000021866221b40_0 .net "mux_13_0", 31 0, L_0000021866288440;  1 drivers
v0000021866225030_0 .net "mux_14_0", 31 0, L_0000021866287560;  1 drivers
v0000021866224e50_0 .net "mux_15_0", 31 0, L_0000021866286df0;  1 drivers
v0000021866224ef0_0 .net "mux_16_0", 31 0, L_0000021866287d40;  1 drivers
v0000021866223a50_0 .net "mux_17_0", 31 0, L_0000021866287480;  1 drivers
v00000218662250d0_0 .net "mux_18_0", 31 0, L_00000218662874f0;  1 drivers
v0000021866225170_0 .net "mux_19_0", 31 0, L_0000021866287950;  1 drivers
v00000218662241d0_0 .net "mux_1_0", 31 0, L_000002186622c9c0;  1 drivers
v0000021866223870_0 .net "mux_1_1", 31 0, L_000002186622dc80;  1 drivers
v0000021866223cd0_0 .net "mux_20_0", 31 0, L_0000021866287a30;  1 drivers
v0000021866225210_0 .net "mux_21_0", 31 0, L_0000021866287c60;  1 drivers
v0000021866224270_0 .net "mux_22_0", 31 0, L_00000218662880c0;  1 drivers
v0000021866223910_0 .net "mux_23_0", 31 0, L_00000218662868b0;  1 drivers
v0000021866224630_0 .net "mux_24_0", 31 0, L_0000021866287330;  1 drivers
v0000021866223ff0_0 .net "mux_25_0", 31 0, L_0000021866287b10;  1 drivers
v00000218662252b0_0 .net "mux_26_0", 31 0, L_0000021866286fb0;  1 drivers
v00000218662244f0_0 .net "mux_27_0", 31 0, L_0000021866287100;  1 drivers
v0000021866224090_0 .net "mux_28_0", 31 0, L_0000021866287800;  1 drivers
v0000021866224f90_0 .net "mux_29_0", 31 0, L_0000021866287640;  1 drivers
v0000021866223410_0 .net "mux_2_0", 31 0, L_000002186622c880;  1 drivers
v00000218662234b0_0 .net "mux_30_0", 31 0, L_0000021866287090;  1 drivers
v0000021866224d10_0 .net "mux_31_0", 31 0, L_0000021866287170;  1 drivers
v0000021866224130_0 .net "mux_32_0", 31 0, L_00000218662879c0;  1 drivers
v0000021866223550_0 .net "mux_3_0", 31 0, L_000002186618e3e0;  1 drivers
v0000021866223690_0 .net "mux_4_0", 31 0, L_0000021866114330;  1 drivers
v0000021866224310_0 .net "mux_5_0", 31 0, L_0000021866113ca0;  1 drivers
v00000218662239b0_0 .net "mux_6_0", 31 0, L_0000021866112a40;  1 drivers
v0000021866223af0_0 .net "mux_7_0", 31 0, L_00000218661130d0;  1 drivers
v00000218662235f0_0 .net "mux_8_0", 31 0, L_0000021866112e30;  1 drivers
v00000218662246d0_0 .net "mux_9_0", 31 0, L_0000021866112ab0;  1 drivers
v0000021866224810_0 .net "sel", 31 0, L_000002186618e370;  1 drivers
L_000002186622d140 .part L_000002186618e370, 0, 1;
L_000002186622cba0 .concat [ 1 31 0 0], L_000002186622d140, L_000002186622ee78;
L_000002186622db40 .cmp/eq 32, L_000002186622cba0, L_000002186622eec0;
L_000002186622c9c0 .functor MUXZ 32, v00000218662265d0_0, v0000021866225a90_0, L_000002186622db40, C4<>;
L_000002186622d280 .part L_000002186618e370, 0, 1;
L_000002186622d460 .concat [ 1 31 0 0], L_000002186622d280, L_000002186622ef08;
L_000002186622ddc0 .cmp/eq 32, L_000002186622d460, L_000002186622ef50;
L_000002186622dc80 .functor MUXZ 32, v0000021866228520_0, v0000021866226a30_0, L_000002186622ddc0, C4<>;
L_000002186622dd20 .part L_000002186618e370, 1, 1;
L_000002186622cf60 .concat [ 1 31 0 0], L_000002186622dd20, L_000002186622ef98;
L_000002186622de60 .cmp/eq 32, L_000002186622cf60, L_000002186622efe0;
L_000002186622c880 .functor MUXZ 32, L_000002186622dc80, L_000002186622c9c0, L_000002186622de60, C4<>;
    .scope S_00000218660329c0;
T_0 ;
    %delay 0, 0;
    %pushi/vec4 1, 0, 1;
    %store/vec4 v000002186619e290_0, 0, 1;
    %delay 0, 0;
    %pushi/vec4 0, 0, 1;
    %store/vec4 v000002186619e1f0_0, 0, 1;
    %end;
    .thread T_0;
    .scope S_00000218660329c0;
T_1 ;
    %wait E_0000021866197a90;
    %load/vec4 v000002186619d1b0_0;
    %cmpi/e 1, 0, 1;
    %jmp/0xz  T_1.0, 4;
    %pushi/vec4 1, 0, 1;
    %assign/vec4 v000002186619e290_0, 0;
    %jmp T_1.1;
T_1.0 ;
    %load/vec4 v000002186619d250_0;
    %cmpi/e 1, 0, 1;
    %jmp/0xz  T_1.2, 4;
    %pushi/vec4 1, 0, 1;
    %assign/vec4 v000002186619e290_0, 0;
    %jmp T_1.3;
T_1.2 ;
    %load/vec4 v000002186619c990_0;
    %cmpi/e 1, 0, 1;
    %jmp/0xz  T_1.4, 4;
    %pushi/vec4 0, 0, 1;
    %assign/vec4 v000002186619e290_0, 0;
T_1.4 ;
T_1.3 ;
T_1.1 ;
    %jmp T_1;
    .thread T_1;
    .scope S_00000218660329c0;
T_2 ;
    %wait E_0000021866197a90;
    %load/vec4 v000002186619d1b0_0;
    %cmpi/e 1, 0, 1;
    %jmp/0xz  T_2.0, 4;
    %pushi/vec4 0, 0, 1;
    %assign/vec4 v000002186619e1f0_0, 0;
    %jmp T_2.1;
T_2.0 ;
    %load/vec4 v000002186619d6b0_0;
    %cmpi/e 1, 0, 1;
    %jmp/0xz  T_2.2, 4;
    %pushi/vec4 1, 0, 1;
    %assign/vec4 v000002186619e1f0_0, 0;
    %jmp T_2.3;
T_2.2 ;
    %load/vec4 v000002186619d110_0;
    %cmpi/e 1, 0, 1;
    %jmp/0xz  T_2.4, 4;
    %pushi/vec4 0, 0, 1;
    %assign/vec4 v000002186619e1f0_0, 0;
T_2.4 ;
T_2.3 ;
T_2.1 ;
    %jmp T_2;
    .thread T_2;
    .scope S_00000218660329c0;
T_3 ;
    %wait E_0000021866198510;
    %load/vec4 v000002186619d6b0_0;
    %cmpi/e 1, 0, 1;
    %jmp/1 T_3.2, 4;
    %flag_mov 8, 4;
    %load/vec4 v000002186619e1f0_0;
    %cmpi/e 1, 0, 1;
    %flag_get/vec4 4;
    %jmp/0 T_3.3, 4;
    %load/vec4 v000002186619d110_0;
    %pushi/vec4 0, 0, 1;
    %cmp/e;
    %flag_get/vec4 4;
    %and;
T_3.3;
    %flag_set/vec4 9;
    %flag_or 9, 8;
    %flag_mov 4, 9;
T_3.2;
    %jmp/0xz  T_3.0, 4;
    %pushi/vec4 1, 0, 1;
    %store/vec4 v000002186619d7f0_0, 0, 1;
    %jmp T_3.1;
T_3.0 ;
    %pushi/vec4 0, 0, 1;
    %store/vec4 v000002186619d7f0_0, 0, 1;
T_3.1 ;
    %jmp T_3;
    .thread T_3, $push;
    .scope S_0000021866032830;
T_4 ;
    %delay 0, 0;
    %pushi/vec4 1, 0, 1;
    %store/vec4 v0000021866220df0_0, 0, 1;
    %delay 0, 0;
    %pushi/vec4 0, 0, 1;
    %store/vec4 v00000218662225e0_0, 0, 1;
    %delay 0, 0;
    %pushi/vec4 0, 0, 1;
    %store/vec4 v0000021866220530_0, 0, 1;
    %end;
    .thread T_4;
    .scope S_0000021866032830;
T_5 ;
    %wait E_0000021866197a90;
    %load/vec4 v0000021866222ae0_0;
    %cmpi/e 1, 0, 1;
    %jmp/0xz  T_5.0, 4;
    %pushi/vec4 1, 0, 1;
    %assign/vec4 v0000021866220df0_0, 0;
    %jmp T_5.1;
T_5.0 ;
    %load/vec4 v000002186621f130_0;
    %assign/vec4 v0000021866220df0_0, 0;
T_5.1 ;
    %jmp T_5;
    .thread T_5;
    .scope S_0000021866032830;
T_6 ;
    %wait E_0000021866197a90;
    %load/vec4 v0000021866222ae0_0;
    %cmpi/e 1, 0, 1;
    %jmp/0xz  T_6.0, 4;
    %pushi/vec4 0, 0, 1;
    %assign/vec4 v0000021866220530_0, 0;
    %jmp T_6.1;
T_6.0 ;
    %load/vec4 v00000218662202b0_0;
    %cmpi/e 1, 0, 1;
    %jmp/0xz  T_6.2, 4;
    %pushi/vec4 0, 0, 1;
    %assign/vec4 v0000021866220530_0, 0;
    %jmp T_6.3;
T_6.2 ;
    %load/vec4 v0000021866222d60_0;
    %pushi/vec4 1, 0, 1;
    %cmp/e;
    %flag_get/vec4 4;
    %pushi/vec4 0, 0, 1;
    %load/vec4 v000002186621f270_0;
    %cmp/e;
    %flag_get/vec4 4;
    %and;
    %pushi/vec4 1, 0, 1;
    %load/vec4 v000002186621fd10_0;
    %cmp/e;
    %flag_get/vec4 4;
    %and;
    %flag_set/vec4 8;
    %jmp/0xz  T_6.4, 8;
    %pushi/vec4 1, 0, 1;
    %assign/vec4 v0000021866220530_0, 0;
T_6.4 ;
T_6.3 ;
T_6.1 ;
    %jmp T_6;
    .thread T_6;
    .scope S_0000021866032830;
T_7 ;
    %wait E_0000021866197a90;
    %load/vec4 v0000021866222ae0_0;
    %cmpi/e 1, 0, 1;
    %jmp/0xz  T_7.0, 4;
    %pushi/vec4 0, 0, 1;
    %assign/vec4 v00000218662225e0_0, 0;
    %jmp T_7.1;
T_7.0 ;
    %load/vec4 v0000021866220210_0;
    %cmpi/e 1, 0, 1;
    %jmp/0xz  T_7.2, 4;
    %pushi/vec4 0, 0, 1;
    %assign/vec4 v00000218662225e0_0, 0;
    %jmp T_7.3;
T_7.2 ;
    %pushi/vec4 0, 0, 1;
    %load/vec4 v000002186621f270_0;
    %cmp/e;
    %flag_get/vec4 4;
    %pushi/vec4 1, 0, 1;
    %load/vec4 v000002186621fd10_0;
    %cmp/e;
    %flag_get/vec4 4;
    %and;
    %flag_set/vec4 8;
    %jmp/0xz  T_7.4, 8;
    %load/vec4 v0000021866221d20_0;
    %assign/vec4 v00000218662225e0_0, 0;
T_7.4 ;
T_7.3 ;
T_7.1 ;
    %jmp T_7;
    .thread T_7;
    .scope S_0000021866032830;
T_8 ;
    %wait E_0000021866197a90;
    %pushi/vec4 0, 0, 1;
    %load/vec4 v000002186621fef0_0;
    %cmp/e;
    %flag_get/vec4 4;
    %pushi/vec4 1, 0, 1;
    %load/vec4 v000002186621fd10_0;
    %cmp/e;
    %flag_get/vec4 4;
    %and;
    %flag_set/vec4 8;
    %jmp/0xz  T_8.0, 8;
    %load/vec4 v0000021866222180_0;
    %cmpi/e 1, 0, 1;
    %jmp/0xz  T_8.2, 4;
    %pushi/vec4 0, 0, 32;
    %assign/vec4 v00000218662210a0_0, 0;
    %jmp T_8.3;
T_8.2 ;
    %load/vec4 v0000021866222900_0;
    %pushi/vec4 0, 0, 1;
    %cmp/e;
    %flag_get/vec4 4;
    %load/vec4 v00000218662225e0_0;
    %pushi/vec4 1, 0, 1;
    %cmp/e;
    %flag_get/vec4 4;
    %and;
    %flag_set/vec4 8;
    %jmp/0xz  T_8.4, 8;
    %load/vec4 v000002186621f8b0_0;
    %assign/vec4 v00000218662210a0_0, 0;
T_8.4 ;
T_8.3 ;
T_8.0 ;
    %jmp T_8;
    .thread T_8;
    .scope S_0000021866032830;
T_9 ;
    %wait E_0000021866197a90;
    %pushi/vec4 0, 0, 1;
    %load/vec4 v000002186621fef0_0;
    %cmp/e;
    %flag_get/vec4 4;
    %pushi/vec4 1, 0, 1;
    %load/vec4 v000002186621fd10_0;
    %cmp/e;
    %flag_get/vec4 4;
    %and;
    %flag_set/vec4 8;
    %jmp/0xz  T_9.0, 8;
    %load/vec4 v0000021866222180_0;
    %cmpi/e 1, 0, 1;
    %jmp/0xz  T_9.2, 4;
    %load/vec4 v0000021866221140_0;
    %assign/vec4 v0000021866221280_0, 0;
    %jmp T_9.3;
T_9.2 ;
    %load/vec4 v00000218662200d0_0;
    %cmpi/e 1, 0, 1;
    %jmp/0xz  T_9.4, 4;
    %load/vec4 v0000021866221320_0;
    %assign/vec4 v0000021866221280_0, 0;
T_9.4 ;
T_9.3 ;
T_9.0 ;
    %jmp T_9;
    .thread T_9;
    .scope S_0000021866032830;
T_10 ;
    %wait E_0000021866198090;
    %pushi/vec4 0, 0, 1;
    %load/vec4 v000002186621fef0_0;
    %cmp/e;
    %flag_get/vec4 4;
    %load/vec4 v00000218662225e0_0;
    %pushi/vec4 1, 0, 1;
    %cmp/e;
    %flag_get/vec4 4;
    %and;
    %pushi/vec4 1, 0, 1;
    %load/vec4 v000002186621fd10_0;
    %cmp/e;
    %flag_get/vec4 4;
    %and;
    %flag_set/vec4 8;
    %jmp/0xz  T_10.0, 8;
    %pushi/vec4 1, 0, 1;
    %store/vec4 v0000021866220670_0, 0, 1;
    %jmp T_10.1;
T_10.0 ;
    %pushi/vec4 0, 0, 1;
    %store/vec4 v0000021866220670_0, 0, 1;
T_10.1 ;
    %jmp T_10;
    .thread T_10, $push;
    .scope S_0000021866032830;
T_11 ;
    %wait E_0000021866198250;
    %load/vec4 v0000021866221be0_0;
    %pushi/vec4 0, 0, 1;
    %cmp/e;
    %flag_get/vec4 4;
    %load/vec4 v0000021866222900_0;
    %pushi/vec4 0, 0, 1;
    %cmp/e;
    %flag_get/vec4 4;
    %and;
    %pushi/vec4 0, 0, 1;
    %load/vec4 v000002186621fef0_0;
    %cmp/e;
    %flag_get/vec4 4;
    %and;
    %load/vec4 v00000218662225e0_0;
    %pushi/vec4 1, 0, 1;
    %cmp/e;
    %flag_get/vec4 4;
    %and;
    %pushi/vec4 1, 0, 1;
    %load/vec4 v000002186621fd10_0;
    %cmp/e;
    %flag_get/vec4 4;
    %and;
    %flag_set/vec4 8;
    %jmp/0xz  T_11.0, 8;
    %pushi/vec4 1, 0, 1;
    %store/vec4 v00000218662208f0_0, 0, 1;
    %jmp T_11.1;
T_11.0 ;
    %pushi/vec4 0, 0, 1;
    %store/vec4 v00000218662208f0_0, 0, 1;
T_11.1 ;
    %jmp T_11;
    .thread T_11, $push;
    .scope S_0000021866032830;
T_12 ;
    %wait E_0000021866198090;
    %pushi/vec4 0, 0, 1;
    %load/vec4 v000002186621fef0_0;
    %cmp/e;
    %flag_get/vec4 4;
    %load/vec4 v00000218662225e0_0;
    %pushi/vec4 1, 0, 1;
    %cmp/e;
    %flag_get/vec4 4;
    %and;
    %pushi/vec4 1, 0, 1;
    %load/vec4 v000002186621fd10_0;
    %cmp/e;
    %flag_get/vec4 4;
    %and;
    %flag_set/vec4 8;
    %jmp/0xz  T_12.0, 8;
    %pushi/vec4 1, 0, 1;
    %store/vec4 v0000021866220710_0, 0, 1;
    %jmp T_12.1;
T_12.0 ;
    %pushi/vec4 0, 0, 1;
    %store/vec4 v0000021866220710_0, 0, 1;
T_12.1 ;
    %jmp T_12;
    .thread T_12, $push;
    .scope S_0000021866032830;
T_13 ;
    %wait E_0000021866198250;
    %load/vec4 v0000021866221be0_0;
    %pushi/vec4 0, 0, 1;
    %cmp/e;
    %flag_get/vec4 4;
    %load/vec4 v0000021866222900_0;
    %pushi/vec4 0, 0, 1;
    %cmp/e;
    %flag_get/vec4 4;
    %and;
    %pushi/vec4 0, 0, 1;
    %load/vec4 v000002186621fef0_0;
    %cmp/e;
    %flag_get/vec4 4;
    %and;
    %load/vec4 v00000218662225e0_0;
    %pushi/vec4 1, 0, 1;
    %cmp/e;
    %flag_get/vec4 4;
    %and;
    %pushi/vec4 1, 0, 1;
    %load/vec4 v000002186621fd10_0;
    %cmp/e;
    %flag_get/vec4 4;
    %and;
    %flag_set/vec4 8;
    %jmp/0xz  T_13.0, 8;
    %pushi/vec4 1, 0, 1;
    %store/vec4 v0000021866220990_0, 0, 1;
    %jmp T_13.1;
T_13.0 ;
    %pushi/vec4 0, 0, 1;
    %store/vec4 v0000021866220990_0, 0, 1;
T_13.1 ;
    %jmp T_13;
    .thread T_13, $push;
    .scope S_0000021866032830;
T_14 ;
    %wait E_00000218661984d0;
    %load/vec4 v0000021866222900_0;
    %pushi/vec4 1, 0, 1;
    %cmp/e;
    %flag_get/vec4 4;
    %pushi/vec4 0, 0, 1;
    %load/vec4 v000002186621f270_0;
    %cmp/e;
    %flag_get/vec4 4;
    %and;
    %load/vec4 v00000218662225e0_0;
    %pushi/vec4 1, 0, 1;
    %cmp/e;
    %flag_get/vec4 4;
    %and;
    %pushi/vec4 1, 0, 1;
    %load/vec4 v000002186621fd10_0;
    %cmp/e;
    %flag_get/vec4 4;
    %and;
    %flag_set/vec4 8;
    %jmp/0xz  T_14.0, 8;
    %pushi/vec4 1, 0, 1;
    %store/vec4 v0000021866220210_0, 0, 1;
    %jmp T_14.1;
T_14.0 ;
    %pushi/vec4 0, 0, 1;
    %store/vec4 v0000021866220210_0, 0, 1;
T_14.1 ;
    %jmp T_14;
    .thread T_14, $push;
    .scope S_0000021866032830;
T_15 ;
    %wait E_0000021866197dd0;
    %load/vec4 v0000021866222d60_0;
    %pushi/vec4 1, 0, 1;
    %cmp/e;
    %flag_get/vec4 4;
    %pushi/vec4 0, 0, 1;
    %load/vec4 v000002186621f270_0;
    %cmp/e;
    %flag_get/vec4 4;
    %and;
    %pushi/vec4 1, 0, 1;
    %load/vec4 v000002186621fd10_0;
    %cmp/e;
    %flag_get/vec4 4;
    %and;
    %flag_set/vec4 8;
    %jmp/0xz  T_15.0, 8;
    %pushi/vec4 1, 0, 1;
    %store/vec4 v0000021866220490_0, 0, 1;
    %jmp T_15.1;
T_15.0 ;
    %load/vec4 v0000021866220530_0;
    %store/vec4 v0000021866220490_0, 0, 1;
T_15.1 ;
    %jmp T_15;
    .thread T_15, $push;
    .scope S_0000021866032830;
T_16 ;
    %wait E_0000021866197c90;
    %load/vec4 v00000218662227c0_0;
    %pushi/vec4 1, 0, 1;
    %cmp/e;
    %flag_get/vec4 4;
    %pushi/vec4 1, 0, 1;
    %load/vec4 v000002186621fd10_0;
    %cmp/e;
    %flag_get/vec4 4;
    %and;
    %load/vec4 v0000021866221d20_0;
    %pushi/vec4 0, 0, 1;
    %cmp/e;
    %flag_get/vec4 4;
    %and;
    %flag_set/vec4 8;
    %jmp/0xz  T_16.0, 8;
    %pushi/vec4 1, 0, 1;
    %store/vec4 v0000021866221c80_0, 0, 1;
    %jmp T_16.1;
T_16.0 ;
    %pushi/vec4 0, 0, 1;
    %store/vec4 v0000021866221c80_0, 0, 1;
T_16.1 ;
    %jmp T_16;
    .thread T_16, $push;
    .scope S_0000021866032830;
T_17 ;
    %wait E_0000021866198110;
    %load/vec4 v00000218662225e0_0;
    %pushi/vec4 0, 0, 1;
    %cmp/e;
    %flag_get/vec4 4;
    %load/vec4 v0000021866222f40_0;
    %pushi/vec4 0, 0, 1;
    %cmp/e;
    %flag_get/vec4 4;
    %and;
    %flag_set/vec4 8;
    %jmp/0xz  T_17.0, 8;
    %pushi/vec4 1, 0, 1;
    %store/vec4 v00000218662227c0_0, 0, 1;
    %jmp T_17.1;
T_17.0 ;
    %pushi/vec4 0, 0, 1;
    %store/vec4 v00000218662227c0_0, 0, 1;
T_17.1 ;
    %jmp T_17;
    .thread T_17, $push;
    .scope S_0000021866032830;
T_18 ;
    %wait E_0000021866197b90;
    %pushi/vec4 0, 0, 1;
    %load/vec4 v000002186621f270_0;
    %cmp/e;
    %flag_get/vec4 4;
    %load/vec4 v0000021866222f40_0;
    %pushi/vec4 1, 0, 1;
    %cmp/e;
    %flag_get/vec4 4;
    %and;
    %pushi/vec4 1, 0, 1;
    %load/vec4 v000002186621fd10_0;
    %cmp/e;
    %flag_get/vec4 4;
    %and;
    %flag_set/vec4 8;
    %jmp/0xz  T_18.0, 8;
    %pushi/vec4 1, 0, 1;
    %store/vec4 v0000021866222a40_0, 0, 1;
    %jmp T_18.1;
T_18.0 ;
    %pushi/vec4 0, 0, 1;
    %store/vec4 v0000021866222a40_0, 0, 1;
T_18.1 ;
    %jmp T_18;
    .thread T_18, $push;
    .scope S_0000021866032830;
T_19 ;
    %wait E_0000021866197bd0;
    %load/vec4 v0000021866222900_0;
    %pushi/vec4 1, 0, 1;
    %cmp/e;
    %flag_get/vec4 4;
    %pushi/vec4 0, 0, 1;
    %load/vec4 v000002186621fef0_0;
    %cmp/e;
    %flag_get/vec4 4;
    %and;
    %pushi/vec4 1, 0, 1;
    %load/vec4 v000002186621fd10_0;
    %cmp/e;
    %flag_get/vec4 4;
    %and;
    %flag_set/vec4 8;
    %jmp/0xz  T_19.0, 8;
    %pushi/vec4 1, 0, 1;
    %store/vec4 v0000021866221500_0, 0, 1;
    %jmp T_19.1;
T_19.0 ;
    %pushi/vec4 0, 0, 1;
    %store/vec4 v0000021866221500_0, 0, 1;
T_19.1 ;
    %jmp T_19;
    .thread T_19, $push;
    .scope S_0000021866032830;
T_20 ;
    %wait E_0000021866198490;
    %load/vec4 v0000021866220df0_0;
    %dup/vec4;
    %pushi/vec4 1, 0, 1;
    %cmp/u;
    %jmp/1 T_20.0, 6;
    %pushi/vec4 1, 1, 1;
    %store/vec4 v000002186621f130_0, 0, 1;
    %jmp T_20.2;
T_20.0 ;
    %pushi/vec4 1, 0, 1;
    %store/vec4 v000002186621f130_0, 0, 1;
    %jmp T_20.2;
T_20.2 ;
    %pop/vec4 1;
    %jmp T_20;
    .thread T_20, $push;
    .scope S_0000021866032830;
T_21 ;
    %wait E_0000021866197b50;
    %load/vec4 v0000021866221be0_0;
    %pushi/vec4 0, 0, 1;
    %cmp/e;
    %flag_get/vec4 4;
    %load/vec4 v0000021866222900_0;
    %pushi/vec4 0, 0, 1;
    %cmp/e;
    %flag_get/vec4 4;
    %and;
    %load/vec4 v00000218662225e0_0;
    %pushi/vec4 1, 0, 1;
    %cmp/e;
    %flag_get/vec4 4;
    %and;
    %store/vec4 v00000218662200d0_0, 0, 1;
    %jmp T_21;
    .thread T_21, $push;
    .scope S_000002186606b1f0;
T_22 ;
    %delay 0, 0;
    %pushi/vec4 1, 0, 12;
    %store/vec4 v00000218662283e0_0, 0, 12;
    %delay 0, 0;
    %pushi/vec4 0, 0, 1;
    %store/vec4 v000002186622a9e0_0, 0, 1;
    %end;
    .thread T_22;
    .scope S_000002186606b1f0;
T_23 ;
    %wait E_0000021866197a90;
    %load/vec4 v00000218662280c0_0;
    %cmpi/e 1, 0, 1;
    %jmp/0xz  T_23.0, 4;
    %pushi/vec4 1, 0, 12;
    %assign/vec4 v00000218662283e0_0, 0;
    %jmp T_23.1;
T_23.0 ;
    %load/vec4 v00000218662299c0_0;
    %assign/vec4 v00000218662283e0_0, 0;
T_23.1 ;
    %jmp T_23;
    .thread T_23;
    .scope S_000002186606b1f0;
T_24 ;
    %wait E_0000021866197a90;
    %load/vec4 v00000218662280c0_0;
    %cmpi/e 1, 0, 1;
    %jmp/0xz  T_24.0, 4;
    %pushi/vec4 0, 0, 1;
    %assign/vec4 v000002186622a9e0_0, 0;
    %jmp T_24.1;
T_24.0 ;
    %pushi/vec4 1, 0, 1;
    %load/vec4 v0000021866229880_0;
    %cmp/e;
    %flag_get/vec4 4;
    %load/vec4 v000002186622c740_0;
    %pushi/vec4 0, 0, 1;
    %cmp/e;
    %flag_get/vec4 4;
    %and;
    %flag_set/vec4 8;
    %jmp/0xz  T_24.2, 8;
    %pushi/vec4 1, 0, 1;
    %assign/vec4 v000002186622a9e0_0, 0;
    %jmp T_24.3;
T_24.2 ;
    %load/vec4 v000002186622b7a0_0;
    %cmpi/e 1, 0, 1;
    %jmp/0xz  T_24.4, 4;
    %pushi/vec4 0, 0, 1;
    %assign/vec4 v000002186622a9e0_0, 0;
T_24.4 ;
T_24.3 ;
T_24.1 ;
    %jmp T_24;
    .thread T_24;
    .scope S_000002186606b1f0;
T_25 ;
    %wait E_0000021866197a90;
    %load/vec4 v0000021866227d00_0;
    %cmpi/e 1, 0, 1;
    %jmp/0xz  T_25.0, 4;
    %load/vec4 v0000021866229b00_0;
    %assign/vec4 v0000021866225950_0, 0;
    %jmp T_25.1;
T_25.0 ;
    %pushi/vec4 1, 0, 1;
    %load/vec4 v0000021866229240_0;
    %cmp/e;
    %flag_get/vec4 4;
    %load/vec4 v000002186622c100_0;
    %pushi/vec4 0, 0, 1;
    %cmp/e;
    %flag_get/vec4 4;
    %and;
    %flag_set/vec4 8;
    %jmp/0xz  T_25.2, 8;
    %load/vec4 v0000021866225a90_0;
    %assign/vec4 v0000021866225950_0, 0;
T_25.2 ;
T_25.1 ;
    %jmp T_25;
    .thread T_25;
    .scope S_000002186606b1f0;
T_26 ;
    %wait E_0000021866197a90;
    %load/vec4 v00000218662285c0_0;
    %cmpi/e 1, 0, 1;
    %jmp/0xz  T_26.0, 4;
    %load/vec4 v0000021866225950_0;
    %assign/vec4 v0000021866225a90_0, 0;
    %jmp T_26.1;
T_26.0 ;
    %load/vec4 v0000021866227ee0_0;
    %cmpi/e 1, 0, 1;
    %jmp/0xz  T_26.2, 4;
    %load/vec4 v0000021866228a20_0;
    %assign/vec4 v0000021866225a90_0, 0;
T_26.2 ;
T_26.1 ;
    %jmp T_26;
    .thread T_26;
    .scope S_000002186606b1f0;
T_27 ;
    %wait E_0000021866197a90;
    %load/vec4 v0000021866227d00_0;
    %cmpi/e 1, 0, 1;
    %jmp/0xz  T_27.0, 4;
    %load/vec4 v000002186622a800_0;
    %assign/vec4 v0000021866226530_0, 0;
    %jmp T_27.1;
T_27.0 ;
    %pushi/vec4 1, 0, 1;
    %load/vec4 v0000021866229240_0;
    %cmp/e;
    %flag_get/vec4 4;
    %load/vec4 v000002186622c100_0;
    %pushi/vec4 0, 0, 1;
    %cmp/e;
    %flag_get/vec4 4;
    %and;
    %flag_set/vec4 8;
    %jmp/0xz  T_27.2, 8;
    %load/vec4 v00000218662265d0_0;
    %assign/vec4 v0000021866226530_0, 0;
T_27.2 ;
T_27.1 ;
    %jmp T_27;
    .thread T_27;
    .scope S_000002186606b1f0;
T_28 ;
    %wait E_0000021866197a90;
    %load/vec4 v00000218662285c0_0;
    %cmpi/e 1, 0, 1;
    %jmp/0xz  T_28.0, 4;
    %load/vec4 v0000021866226530_0;
    %assign/vec4 v00000218662265d0_0, 0;
    %jmp T_28.1;
T_28.0 ;
    %load/vec4 v0000021866227ee0_0;
    %cmpi/e 1, 0, 1;
    %jmp/0xz  T_28.2, 4;
    %load/vec4 v0000021866229100_0;
    %assign/vec4 v00000218662265d0_0, 0;
T_28.2 ;
T_28.1 ;
    %jmp T_28;
    .thread T_28;
    .scope S_000002186606b1f0;
T_29 ;
    %wait E_0000021866197a90;
    %load/vec4 v0000021866227d00_0;
    %cmpi/e 1, 0, 1;
    %jmp/0xz  T_29.0, 4;
    %load/vec4 v000002186622c7e0_0;
    %assign/vec4 v0000021866226990_0, 0;
    %jmp T_29.1;
T_29.0 ;
    %pushi/vec4 1, 0, 1;
    %load/vec4 v0000021866229240_0;
    %cmp/e;
    %flag_get/vec4 4;
    %load/vec4 v000002186622c100_0;
    %pushi/vec4 0, 0, 1;
    %cmp/e;
    %flag_get/vec4 4;
    %and;
    %flag_set/vec4 8;
    %jmp/0xz  T_29.2, 8;
    %load/vec4 v0000021866226a30_0;
    %assign/vec4 v0000021866226990_0, 0;
T_29.2 ;
T_29.1 ;
    %jmp T_29;
    .thread T_29;
    .scope S_000002186606b1f0;
T_30 ;
    %wait E_0000021866197a90;
    %load/vec4 v00000218662285c0_0;
    %cmpi/e 1, 0, 1;
    %jmp/0xz  T_30.0, 4;
    %load/vec4 v0000021866226990_0;
    %assign/vec4 v0000021866226a30_0, 0;
    %jmp T_30.1;
T_30.0 ;
    %load/vec4 v0000021866227ee0_0;
    %cmpi/e 1, 0, 1;
    %jmp/0xz  T_30.2, 4;
    %load/vec4 v0000021866228c00_0;
    %assign/vec4 v0000021866226a30_0, 0;
T_30.2 ;
T_30.1 ;
    %jmp T_30;
    .thread T_30;
    .scope S_000002186606b1f0;
T_31 ;
    %wait E_0000021866197a90;
    %load/vec4 v0000021866227d00_0;
    %cmpi/e 1, 0, 1;
    %jmp/0xz  T_31.0, 4;
    %load/vec4 v000002186622b160_0;
    %assign/vec4 v00000218662288e0_0, 0;
    %jmp T_31.1;
T_31.0 ;
    %pushi/vec4 1, 0, 1;
    %load/vec4 v0000021866229240_0;
    %cmp/e;
    %flag_get/vec4 4;
    %load/vec4 v000002186622c100_0;
    %pushi/vec4 0, 0, 1;
    %cmp/e;
    %flag_get/vec4 4;
    %and;
    %flag_set/vec4 8;
    %jmp/0xz  T_31.2, 8;
    %load/vec4 v0000021866228520_0;
    %assign/vec4 v00000218662288e0_0, 0;
T_31.2 ;
T_31.1 ;
    %jmp T_31;
    .thread T_31;
    .scope S_000002186606b1f0;
T_32 ;
    %wait E_0000021866197a90;
    %load/vec4 v00000218662285c0_0;
    %cmpi/e 1, 0, 1;
    %jmp/0xz  T_32.0, 4;
    %load/vec4 v00000218662288e0_0;
    %assign/vec4 v0000021866228520_0, 0;
    %jmp T_32.1;
T_32.0 ;
    %load/vec4 v0000021866227ee0_0;
    %cmpi/e 1, 0, 1;
    %jmp/0xz  T_32.2, 4;
    %load/vec4 v00000218662291a0_0;
    %assign/vec4 v0000021866228520_0, 0;
T_32.2 ;
T_32.1 ;
    %jmp T_32;
    .thread T_32;
    .scope S_000002186606b1f0;
T_33 ;
    %wait E_0000021866197a90;
    %pushi/vec4 1, 0, 1;
    %load/vec4 v0000021866228f20_0;
    %cmp/e;
    %flag_get/vec4 4;
    %load/vec4 v000002186622bf20_0;
    %pushi/vec4 0, 0, 1;
    %cmp/e;
    %flag_get/vec4 4;
    %and;
    %flag_set/vec4 8;
    %jmp/0xz  T_33.0, 8;
    %pushi/vec4 0, 0, 32;
    %assign/vec4 v0000021866229380_0, 0;
    %jmp T_33.1;
T_33.0 ;
    %load/vec4 v0000021866227c60_0;
    %cmpi/e 1, 0, 1;
    %jmp/0xz  T_33.2, 4;
    %load/vec4 v0000021866229420_0;
    %assign/vec4 v0000021866229380_0, 0;
T_33.2 ;
T_33.1 ;
    %jmp T_33;
    .thread T_33;
    .scope S_000002186606b1f0;
T_34 ;
    %wait E_0000021866197a90;
    %pushi/vec4 1, 0, 1;
    %load/vec4 v0000021866228f20_0;
    %cmp/e;
    %flag_get/vec4 4;
    %load/vec4 v000002186622bf20_0;
    %pushi/vec4 0, 0, 1;
    %cmp/e;
    %flag_get/vec4 4;
    %and;
    %flag_set/vec4 8;
    %jmp/0xz  T_34.0, 8;
    %load/vec4 v00000218662268f0_0;
    %assign/vec4 v0000021866229b00_0, 0;
    %jmp T_34.1;
T_34.0 ;
    %load/vec4 v0000021866227c60_0;
    %cmpi/e 1, 0, 1;
    %jmp/0xz  T_34.2, 4;
    %load/vec4 v000002186622c600_0;
    %assign/vec4 v0000021866229b00_0, 0;
T_34.2 ;
T_34.1 ;
    %jmp T_34;
    .thread T_34;
    .scope S_000002186606b1f0;
T_35 ;
    %wait E_0000021866197a90;
    %pushi/vec4 1, 0, 1;
    %load/vec4 v0000021866228f20_0;
    %cmp/e;
    %flag_get/vec4 4;
    %load/vec4 v000002186622bf20_0;
    %pushi/vec4 0, 0, 1;
    %cmp/e;
    %flag_get/vec4 4;
    %and;
    %flag_set/vec4 8;
    %jmp/0xz  T_35.0, 8;
    %load/vec4 v0000021866226210_0;
    %assign/vec4 v000002186622a800_0, 0;
    %jmp T_35.1;
T_35.0 ;
    %load/vec4 v0000021866227c60_0;
    %cmpi/e 1, 0, 1;
    %jmp/0xz  T_35.2, 4;
    %load/vec4 v000002186622bfc0_0;
    %assign/vec4 v000002186622a800_0, 0;
T_35.2 ;
T_35.1 ;
    %jmp T_35;
    .thread T_35;
    .scope S_000002186606b1f0;
T_36 ;
    %wait E_0000021866197a90;
    %pushi/vec4 1, 0, 1;
    %load/vec4 v0000021866228f20_0;
    %cmp/e;
    %flag_get/vec4 4;
    %load/vec4 v000002186622bf20_0;
    %pushi/vec4 0, 0, 1;
    %cmp/e;
    %flag_get/vec4 4;
    %and;
    %flag_set/vec4 8;
    %jmp/0xz  T_36.0, 8;
    %load/vec4 v0000021866226670_0;
    %assign/vec4 v000002186622c7e0_0, 0;
    %jmp T_36.1;
T_36.0 ;
    %load/vec4 v0000021866227c60_0;
    %cmpi/e 1, 0, 1;
    %jmp/0xz  T_36.2, 4;
    %load/vec4 v000002186622aa80_0;
    %assign/vec4 v000002186622c7e0_0, 0;
T_36.2 ;
T_36.1 ;
    %jmp T_36;
    .thread T_36;
    .scope S_000002186606b1f0;
T_37 ;
    %wait E_0000021866197a90;
    %pushi/vec4 1, 0, 1;
    %load/vec4 v00000218662294c0_0;
    %cmp/e;
    %flag_get/vec4 4;
    %load/vec4 v000002186622a300_0;
    %pushi/vec4 0, 0, 2;
    %cmp/e;
    %flag_get/vec4 4;
    %and;
    %load/vec4 v000002186622b700_0;
    %pushi/vec4 0, 0, 1;
    %cmp/e;
    %flag_get/vec4 4;
    %and;
    %pushi/vec4 1, 0, 1;
    %load/vec4 v00000218662294c0_0;
    %cmp/e;
    %flag_get/vec4 4;
    %load/vec4 v000002186622a300_0;
    %pushi/vec4 1, 0, 2;
    %cmp/e;
    %flag_get/vec4 4;
    %and;
    %load/vec4 v000002186622b700_0;
    %pushi/vec4 0, 0, 1;
    %cmp/e;
    %flag_get/vec4 4;
    %and;
    %or;
    %pushi/vec4 1, 0, 1;
    %load/vec4 v00000218662294c0_0;
    %cmp/e;
    %flag_get/vec4 4;
    %load/vec4 v000002186622a300_0;
    %pushi/vec4 2, 0, 2;
    %cmp/e;
    %flag_get/vec4 4;
    %and;
    %load/vec4 v000002186622b700_0;
    %pushi/vec4 0, 0, 1;
    %cmp/e;
    %flag_get/vec4 4;
    %and;
    %or;
    %flag_set/vec4 8;
    %jmp/0xz  T_37.0, 8;
    %load/vec4 v000002186622b160_0;
    %assign/vec4 v000002186622bde0_0, 0;
    %jmp T_37.1;
T_37.0 ;
    %pushi/vec4 1, 0, 1;
    %load/vec4 v00000218662294c0_0;
    %cmp/e;
    %flag_get/vec4 4;
    %load/vec4 v000002186622a300_0;
    %pushi/vec4 3, 0, 2;
    %cmp/e;
    %flag_get/vec4 4;
    %and;
    %load/vec4 v000002186622b700_0;
    %pushi/vec4 0, 0, 1;
    %cmp/e;
    %flag_get/vec4 4;
    %and;
    %flag_set/vec4 8;
    %jmp/0xz  T_37.2, 8;
    %pushi/vec4 0, 0, 32;
    %assign/vec4 v000002186622bde0_0, 0;
T_37.2 ;
T_37.1 ;
    %jmp T_37;
    .thread T_37;
    .scope S_000002186606b1f0;
T_38 ;
    %wait E_0000021866197a90;
    %pushi/vec4 1, 0, 1;
    %load/vec4 v00000218662294c0_0;
    %cmp/e;
    %flag_get/vec4 4;
    %load/vec4 v000002186622a300_0;
    %pushi/vec4 0, 0, 2;
    %cmp/e;
    %flag_get/vec4 4;
    %and;
    %load/vec4 v000002186622b700_0;
    %pushi/vec4 0, 0, 1;
    %cmp/e;
    %flag_get/vec4 4;
    %and;
    %flag_set/vec4 8;
    %jmp/0xz  T_38.0, 8;
    %pushi/vec4 0, 0, 32;
    %assign/vec4 v000002186622c600_0, 0;
    %jmp T_38.1;
T_38.0 ;
    %pushi/vec4 1, 0, 1;
    %load/vec4 v00000218662294c0_0;
    %cmp/e;
    %flag_get/vec4 4;
    %load/vec4 v000002186622a300_0;
    %pushi/vec4 1, 0, 2;
    %cmp/e;
    %flag_get/vec4 4;
    %and;
    %load/vec4 v000002186622b700_0;
    %pushi/vec4 0, 0, 1;
    %cmp/e;
    %flag_get/vec4 4;
    %and;
    %pushi/vec4 1, 0, 1;
    %load/vec4 v00000218662294c0_0;
    %cmp/e;
    %flag_get/vec4 4;
    %load/vec4 v000002186622a300_0;
    %pushi/vec4 2, 0, 2;
    %cmp/e;
    %flag_get/vec4 4;
    %and;
    %load/vec4 v000002186622b700_0;
    %pushi/vec4 0, 0, 1;
    %cmp/e;
    %flag_get/vec4 4;
    %and;
    %or;
    %pushi/vec4 1, 0, 1;
    %load/vec4 v00000218662294c0_0;
    %cmp/e;
    %flag_get/vec4 4;
    %load/vec4 v000002186622a300_0;
    %pushi/vec4 3, 0, 2;
    %cmp/e;
    %flag_get/vec4 4;
    %and;
    %load/vec4 v000002186622b700_0;
    %pushi/vec4 0, 0, 1;
    %cmp/e;
    %flag_get/vec4 4;
    %and;
    %or;
    %flag_set/vec4 8;
    %jmp/0xz  T_38.2, 8;
    %load/vec4 v0000021866229b00_0;
    %assign/vec4 v000002186622c600_0, 0;
T_38.2 ;
T_38.1 ;
    %jmp T_38;
    .thread T_38;
    .scope S_000002186606b1f0;
T_39 ;
    %wait E_0000021866197a90;
    %pushi/vec4 1, 0, 1;
    %load/vec4 v00000218662294c0_0;
    %cmp/e;
    %flag_get/vec4 4;
    %load/vec4 v000002186622a300_0;
    %pushi/vec4 1, 0, 2;
    %cmp/e;
    %flag_get/vec4 4;
    %and;
    %load/vec4 v000002186622b700_0;
    %pushi/vec4 0, 0, 1;
    %cmp/e;
    %flag_get/vec4 4;
    %and;
    %flag_set/vec4 8;
    %jmp/0xz  T_39.0, 8;
    %pushi/vec4 0, 0, 32;
    %assign/vec4 v000002186622bfc0_0, 0;
    %jmp T_39.1;
T_39.0 ;
    %pushi/vec4 1, 0, 1;
    %load/vec4 v00000218662294c0_0;
    %cmp/e;
    %flag_get/vec4 4;
    %load/vec4 v000002186622a300_0;
    %pushi/vec4 0, 0, 2;
    %cmp/e;
    %flag_get/vec4 4;
    %and;
    %load/vec4 v000002186622b700_0;
    %pushi/vec4 0, 0, 1;
    %cmp/e;
    %flag_get/vec4 4;
    %and;
    %pushi/vec4 1, 0, 1;
    %load/vec4 v00000218662294c0_0;
    %cmp/e;
    %flag_get/vec4 4;
    %load/vec4 v000002186622a300_0;
    %pushi/vec4 2, 0, 2;
    %cmp/e;
    %flag_get/vec4 4;
    %and;
    %load/vec4 v000002186622b700_0;
    %pushi/vec4 0, 0, 1;
    %cmp/e;
    %flag_get/vec4 4;
    %and;
    %or;
    %pushi/vec4 1, 0, 1;
    %load/vec4 v00000218662294c0_0;
    %cmp/e;
    %flag_get/vec4 4;
    %load/vec4 v000002186622a300_0;
    %pushi/vec4 3, 0, 2;
    %cmp/e;
    %flag_get/vec4 4;
    %and;
    %load/vec4 v000002186622b700_0;
    %pushi/vec4 0, 0, 1;
    %cmp/e;
    %flag_get/vec4 4;
    %and;
    %or;
    %flag_set/vec4 8;
    %jmp/0xz  T_39.2, 8;
    %load/vec4 v000002186622a800_0;
    %assign/vec4 v000002186622bfc0_0, 0;
T_39.2 ;
T_39.1 ;
    %jmp T_39;
    .thread T_39;
    .scope S_000002186606b1f0;
T_40 ;
    %wait E_0000021866197a90;
    %pushi/vec4 1, 0, 1;
    %load/vec4 v00000218662294c0_0;
    %cmp/e;
    %flag_get/vec4 4;
    %load/vec4 v000002186622a300_0;
    %pushi/vec4 2, 0, 2;
    %cmp/e;
    %flag_get/vec4 4;
    %and;
    %load/vec4 v000002186622b700_0;
    %pushi/vec4 0, 0, 1;
    %cmp/e;
    %flag_get/vec4 4;
    %and;
    %flag_set/vec4 8;
    %jmp/0xz  T_40.0, 8;
    %pushi/vec4 0, 0, 32;
    %assign/vec4 v000002186622aa80_0, 0;
    %jmp T_40.1;
T_40.0 ;
    %pushi/vec4 1, 0, 1;
    %load/vec4 v00000218662294c0_0;
    %cmp/e;
    %flag_get/vec4 4;
    %load/vec4 v000002186622a300_0;
    %pushi/vec4 0, 0, 2;
    %cmp/e;
    %flag_get/vec4 4;
    %and;
    %load/vec4 v000002186622b700_0;
    %pushi/vec4 0, 0, 1;
    %cmp/e;
    %flag_get/vec4 4;
    %and;
    %pushi/vec4 1, 0, 1;
    %load/vec4 v00000218662294c0_0;
    %cmp/e;
    %flag_get/vec4 4;
    %load/vec4 v000002186622a300_0;
    %pushi/vec4 1, 0, 2;
    %cmp/e;
    %flag_get/vec4 4;
    %and;
    %load/vec4 v000002186622b700_0;
    %pushi/vec4 0, 0, 1;
    %cmp/e;
    %flag_get/vec4 4;
    %and;
    %or;
    %pushi/vec4 1, 0, 1;
    %load/vec4 v00000218662294c0_0;
    %cmp/e;
    %flag_get/vec4 4;
    %load/vec4 v000002186622a300_0;
    %pushi/vec4 3, 0, 2;
    %cmp/e;
    %flag_get/vec4 4;
    %and;
    %load/vec4 v000002186622b700_0;
    %pushi/vec4 0, 0, 1;
    %cmp/e;
    %flag_get/vec4 4;
    %and;
    %or;
    %flag_set/vec4 8;
    %jmp/0xz  T_40.2, 8;
    %load/vec4 v000002186622c7e0_0;
    %assign/vec4 v000002186622aa80_0, 0;
T_40.2 ;
T_40.1 ;
    %jmp T_40;
    .thread T_40;
    .scope S_000002186606b1f0;
T_41 ;
    %wait E_0000021866197a90;
    %pushi/vec4 1, 0, 1;
    %load/vec4 v0000021866228f20_0;
    %cmp/e;
    %flag_get/vec4 4;
    %load/vec4 v000002186622bf20_0;
    %pushi/vec4 0, 0, 1;
    %cmp/e;
    %flag_get/vec4 4;
    %and;
    %flag_set/vec4 8;
    %jmp/0xz  T_41.0, 8;
    %load/vec4 v0000021866226ad0_0;
    %assign/vec4 v000002186622b160_0, 0;
    %jmp T_41.1;
T_41.0 ;
    %load/vec4 v0000021866227c60_0;
    %cmpi/e 1, 0, 1;
    %jmp/0xz  T_41.2, 4;
    %load/vec4 v000002186622bde0_0;
    %assign/vec4 v000002186622b160_0, 0;
T_41.2 ;
T_41.1 ;
    %jmp T_41;
    .thread T_41;
    .scope S_000002186606b1f0;
T_42 ;
    %wait E_0000021866197a90;
    %pushi/vec4 1, 0, 1;
    %load/vec4 v00000218662282a0_0;
    %cmp/e;
    %flag_get/vec4 4;
    %load/vec4 v0000021866228160_0;
    %pushi/vec4 1, 0, 1;
    %cmp/e;
    %flag_get/vec4 4;
    %and;
    %flag_set/vec4 8;
    %jmp/0xz  T_42.0, 8;
    %pushi/vec4 0, 0, 32;
    %assign/vec4 v000002186622a120_0, 0;
    %jmp T_42.1;
T_42.0 ;
    %pushi/vec4 1, 0, 1;
    %load/vec4 v0000021866229880_0;
    %cmp/e;
    %flag_get/vec4 4;
    %load/vec4 v000002186622c740_0;
    %pushi/vec4 0, 0, 1;
    %cmp/e;
    %flag_get/vec4 4;
    %and;
    %flag_set/vec4 8;
    %jmp/0xz  T_42.2, 8;
    %load/vec4 v0000021866229920_0;
    %assign/vec4 v000002186622a120_0, 0;
T_42.2 ;
T_42.1 ;
    %jmp T_42;
    .thread T_42;
    .scope S_000002186606b1f0;
T_43 ;
    %wait E_0000021866197a90;
    %pushi/vec4 1, 0, 1;
    %load/vec4 v00000218662282a0_0;
    %cmp/e;
    %flag_get/vec4 4;
    %load/vec4 v0000021866228160_0;
    %pushi/vec4 1, 0, 1;
    %cmp/e;
    %flag_get/vec4 4;
    %and;
    %flag_set/vec4 8;
    %jmp/0xz  T_43.0, 8;
    %pushi/vec4 0, 0, 32;
    %assign/vec4 v000002186622b5c0_0, 0;
    %jmp T_43.1;
T_43.0 ;
    %load/vec4 v0000021866228480_0;
    %cmpi/e 1, 0, 1;
    %jmp/0xz  T_43.2, 4;
    %load/vec4 v000002186622be80_0;
    %assign/vec4 v000002186622b5c0_0, 0;
T_43.2 ;
T_43.1 ;
    %jmp T_43;
    .thread T_43;
    .scope S_000002186606b1f0;
T_44 ;
    %wait E_0000021866197a90;
    %load/vec4 v0000021866227d00_0;
    %cmpi/e 1, 0, 1;
    %jmp/0xz  T_44.0, 4;
    %load/vec4 v000002186622a1c0_0;
    %assign/vec4 v000002186622ad00_0, 0;
    %jmp T_44.1;
T_44.0 ;
    %pushi/vec4 1, 0, 1;
    %load/vec4 v0000021866229240_0;
    %cmp/e;
    %flag_get/vec4 4;
    %load/vec4 v000002186622c100_0;
    %pushi/vec4 0, 0, 1;
    %cmp/e;
    %flag_get/vec4 4;
    %and;
    %flag_set/vec4 8;
    %jmp/0xz  T_44.2, 8;
    %load/vec4 v0000021866228ac0_0;
    %assign/vec4 v000002186622ad00_0, 0;
T_44.2 ;
T_44.1 ;
    %jmp T_44;
    .thread T_44;
    .scope S_000002186606b1f0;
T_45 ;
    %wait E_0000021866197a90;
    %load/vec4 v00000218662285c0_0;
    %cmpi/e 1, 0, 1;
    %jmp/0xz  T_45.0, 4;
    %load/vec4 v000002186622a760_0;
    %assign/vec4 v000002186622c380_0, 0;
    %jmp T_45.1;
T_45.0 ;
    %load/vec4 v0000021866227ee0_0;
    %cmpi/e 1, 0, 1;
    %jmp/0xz  T_45.2, 4;
    %load/vec4 v0000021866228200_0;
    %assign/vec4 v000002186622c380_0, 0;
T_45.2 ;
T_45.1 ;
    %jmp T_45;
    .thread T_45;
    .scope S_000002186606b1f0;
T_46 ;
    %wait E_0000021866197a90;
    %pushi/vec4 1, 0, 1;
    %load/vec4 v0000021866229880_0;
    %cmp/e;
    %flag_get/vec4 4;
    %load/vec4 v000002186622c740_0;
    %pushi/vec4 0, 0, 1;
    %cmp/e;
    %flag_get/vec4 4;
    %and;
    %flag_set/vec4 8;
    %jmp/0xz  T_46.0, 8;
    %load/vec4 v0000021866225950_0;
    %assign/vec4 v00000218662268f0_0, 0;
    %load/vec4 v0000021866226530_0;
    %assign/vec4 v0000021866226210_0, 0;
    %load/vec4 v0000021866226990_0;
    %assign/vec4 v0000021866226670_0, 0;
    %load/vec4 v00000218662288e0_0;
    %assign/vec4 v0000021866226ad0_0, 0;
T_46.0 ;
    %jmp T_46;
    .thread T_46;
    .scope S_000002186606b1f0;
T_47 ;
    %wait E_0000021866197a90;
    %load/vec4 v00000218662294c0_0;
    %cmpi/e 1, 0, 1;
    %jmp/0xz  T_47.0, 4;
    %load/vec4 v0000021866228340_0;
    %assign/vec4 v0000021866229420_0, 0;
T_47.0 ;
    %jmp T_47;
    .thread T_47;
    .scope S_000002186606b1f0;
T_48 ;
    %wait E_0000021866197a90;
    %load/vec4 v0000021866228f20_0;
    %cmpi/e 1, 0, 1;
    %jmp/0xz  T_48.0, 4;
    %load/vec4 v0000021866227da0_0;
    %assign/vec4 v0000021866229920_0, 0;
T_48.0 ;
    %jmp T_48;
    .thread T_48;
    .scope S_000002186606b1f0;
T_49 ;
    %wait E_0000021866197a90;
    %load/vec4 v0000021866227d00_0;
    %cmpi/e 1, 0, 1;
    %jmp/0xz  T_49.0, 4;
    %load/vec4 v000002186622c420_0;
    %assign/vec4 v000002186622aee0_0, 0;
T_49.0 ;
    %jmp T_49;
    .thread T_49;
    .scope S_000002186606b1f0;
T_50 ;
    %wait E_0000021866197a90;
    %load/vec4 v00000218662285c0_0;
    %cmpi/e 1, 0, 1;
    %jmp/0xz  T_50.0, 4;
    %load/vec4 v000002186622bca0_0;
    %assign/vec4 v000002186622b8e0_0, 0;
    %load/vec4 v0000021866224450_0;
    %assign/vec4 v000002186622c560_0, 0;
T_50.0 ;
    %jmp T_50;
    .thread T_50;
    .scope S_000002186606b1f0;
T_51 ;
    %wait E_0000021866197a90;
    %pushi/vec4 1, 0, 1;
    %load/vec4 v0000021866228f20_0;
    %cmp/e;
    %flag_get/vec4 4;
    %load/vec4 v000002186622bf20_0;
    %pushi/vec4 0, 0, 1;
    %cmp/e;
    %flag_get/vec4 4;
    %and;
    %flag_set/vec4 8;
    %jmp/0xz  T_51.0, 8;
    %load/vec4 v000002186622ae40_0;
    %parti/s 32, 0, 2;
    %ix/load 4, 0, 0;
    %ix/load 5, 0, 0;
    %flag_set/imm 4, 0;
    %assign/vec4/off/d v000002186622a260_0, 4, 5;
T_51.0 ;
    %jmp T_51;
    .thread T_51;
    .scope S_000002186606b1f0;
T_52 ;
    %wait E_0000021866197a90;
    %pushi/vec4 1, 0, 1;
    %load/vec4 v00000218662294c0_0;
    %cmp/e;
    %flag_get/vec4 4;
    %load/vec4 v000002186622b700_0;
    %pushi/vec4 1, 0, 1;
    %cmp/e;
    %flag_get/vec4 4;
    %and;
    %flag_set/vec4 8;
    %jmp/0xz  T_52.0, 8;
    %load/vec4 v000002186622a3a0_0;
    %parti/s 32, 0, 2;
    %ix/load 4, 0, 0;
    %ix/load 5, 0, 0;
    %flag_set/imm 4, 0;
    %assign/vec4/off/d v000002186622af80_0, 4, 5;
T_52.0 ;
    %jmp T_52;
    .thread T_52;
    .scope S_000002186606b1f0;
T_53 ;
    %wait E_00000218661977d0;
    %load/vec4 v0000021866229880_0;
    %cmpi/e 1, 0, 1;
    %jmp/0xz  T_53.0, 4;
    %pushi/vec4 1, 0, 1;
    %store/vec4 v0000021866223e10_0, 0, 1;
    %jmp T_53.1;
T_53.0 ;
    %pushi/vec4 0, 0, 1;
    %store/vec4 v0000021866223e10_0, 0, 1;
T_53.1 ;
    %jmp T_53;
    .thread T_53, $push;
    .scope S_000002186606b1f0;
T_54 ;
    %wait E_00000218661980d0;
    %load/vec4 v0000021866229240_0;
    %cmpi/e 1, 0, 1;
    %jmp/0xz  T_54.0, 4;
    %pushi/vec4 1, 0, 1;
    %store/vec4 v00000218662237d0_0, 0, 1;
    %jmp T_54.1;
T_54.0 ;
    %pushi/vec4 0, 0, 1;
    %store/vec4 v00000218662237d0_0, 0, 1;
T_54.1 ;
    %jmp T_54;
    .thread T_54, $push;
    .scope S_000002186606b1f0;
T_55 ;
    %wait E_0000021866197ad0;
    %load/vec4 v0000021866229560_0;
    %cmpi/e 1, 0, 1;
    %jmp/0xz  T_55.0, 4;
    %pushi/vec4 1, 0, 1;
    %store/vec4 v0000021866223f50_0, 0, 1;
    %jmp T_55.1;
T_55.0 ;
    %pushi/vec4 0, 0, 1;
    %store/vec4 v0000021866223f50_0, 0, 1;
T_55.1 ;
    %jmp T_55;
    .thread T_55, $push;
    .scope S_000002186606b1f0;
T_56 ;
    %wait E_00000218661980d0;
    %load/vec4 v0000021866229240_0;
    %cmpi/e 1, 0, 1;
    %jmp/0xz  T_56.0, 4;
    %pushi/vec4 1, 0, 1;
    %store/vec4 v0000021866224950_0, 0, 1;
    %jmp T_56.1;
T_56.0 ;
    %pushi/vec4 0, 0, 1;
    %store/vec4 v0000021866224950_0, 0, 1;
T_56.1 ;
    %jmp T_56;
    .thread T_56, $push;
    .scope S_000002186606b1f0;
T_57 ;
    %wait E_0000021866197d90;
    %load/vec4 v00000218662294c0_0;
    %cmpi/e 1, 0, 1;
    %jmp/0xz  T_57.0, 4;
    %pushi/vec4 1, 0, 1;
    %store/vec4 v0000021866227110_0, 0, 1;
    %jmp T_57.1;
T_57.0 ;
    %pushi/vec4 0, 0, 1;
    %store/vec4 v0000021866227110_0, 0, 1;
T_57.1 ;
    %jmp T_57;
    .thread T_57, $push;
    .scope S_000002186606b1f0;
T_58 ;
    %wait E_0000021866197d90;
    %load/vec4 v00000218662294c0_0;
    %cmpi/e 1, 0, 1;
    %jmp/0xz  T_58.0, 4;
    %pushi/vec4 1, 0, 1;
    %store/vec4 v0000021866225bd0_0, 0, 1;
    %jmp T_58.1;
T_58.0 ;
    %pushi/vec4 0, 0, 1;
    %store/vec4 v0000021866225bd0_0, 0, 1;
T_58.1 ;
    %jmp T_58;
    .thread T_58, $push;
    .scope S_000002186606b1f0;
T_59 ;
    %wait E_0000021866197ad0;
    %load/vec4 v0000021866229560_0;
    %cmpi/e 1, 0, 1;
    %jmp/0xz  T_59.0, 4;
    %pushi/vec4 1, 0, 1;
    %store/vec4 v0000021866226d50_0, 0, 1;
    %jmp T_59.1;
T_59.0 ;
    %pushi/vec4 0, 0, 1;
    %store/vec4 v0000021866226d50_0, 0, 1;
T_59.1 ;
    %jmp T_59;
    .thread T_59, $push;
    .scope S_000002186606b1f0;
T_60 ;
    %wait E_0000021866197ad0;
    %load/vec4 v0000021866229560_0;
    %cmpi/e 1, 0, 1;
    %jmp/0xz  T_60.0, 4;
    %pushi/vec4 1, 0, 1;
    %store/vec4 v0000021866226350_0, 0, 1;
    %jmp T_60.1;
T_60.0 ;
    %pushi/vec4 0, 0, 1;
    %store/vec4 v0000021866226350_0, 0, 1;
T_60.1 ;
    %jmp T_60;
    .thread T_60, $push;
    .scope S_000002186606b1f0;
T_61 ;
    %wait E_0000021866198450;
    %load/vec4 v0000021866228480_0;
    %cmpi/e 1, 0, 1;
    %jmp/0xz  T_61.0, 4;
    %load/vec4 v000002186622af80_0;
    %pad/u 3;
    %store/vec4 v0000021866226cb0_0, 0, 3;
    %jmp T_61.1;
T_61.0 ;
    %load/vec4 v00000218662282a0_0;
    %cmpi/e 1, 0, 1;
    %jmp/0xz  T_61.2, 4;
    %pushi/vec4 0, 0, 3;
    %store/vec4 v0000021866226cb0_0, 0, 3;
    %jmp T_61.3;
T_61.2 ;
    %pushi/vec4 7, 7, 3;
    %store/vec4 v0000021866226cb0_0, 0, 3;
T_61.3 ;
T_61.1 ;
    %jmp T_61;
    .thread T_61, $push;
    .scope S_000002186606b1f0;
T_62 ;
    %wait E_00000218661985d0;
    %pushi/vec4 1, 0, 1;
    %load/vec4 v0000021866228480_0;
    %cmp/e;
    %flag_get/vec4 4;
    %pushi/vec4 1, 0, 1;
    %load/vec4 v00000218662282a0_0;
    %cmp/e;
    %flag_get/vec4 4;
    %load/vec4 v0000021866228160_0;
    %pushi/vec4 1, 0, 1;
    %cmp/e;
    %flag_get/vec4 4;
    %and;
    %or;
    %flag_set/vec4 8;
    %jmp/0xz  T_62.0, 8;
    %pushi/vec4 1, 0, 1;
    %store/vec4 v0000021866226710_0, 0, 1;
    %jmp T_62.1;
T_62.0 ;
    %pushi/vec4 0, 0, 1;
    %store/vec4 v0000021866226710_0, 0, 1;
T_62.1 ;
    %jmp T_62;
    .thread T_62, $push;
    .scope S_000002186606b1f0;
T_63 ;
    %wait E_00000218661982d0;
    %load/vec4 v0000021866228480_0;
    %cmpi/e 1, 0, 1;
    %jmp/0xz  T_63.0, 4;
    %load/vec4 v000002186622be80_0;
    %store/vec4 v0000021866225c70_0, 0, 32;
    %jmp T_63.1;
T_63.0 ;
    %load/vec4 v00000218662282a0_0;
    %cmpi/e 1, 0, 1;
    %jmp/0xz  T_63.2, 4;
    %pushi/vec4 0, 0, 32;
    %store/vec4 v0000021866225c70_0, 0, 32;
    %jmp T_63.3;
T_63.2 ;
    %pushi/vec4 4294967295, 4294967295, 32;
    %store/vec4 v0000021866225c70_0, 0, 32;
T_63.3 ;
T_63.1 ;
    %jmp T_63;
    .thread T_63, $push;
    .scope S_000002186606b1f0;
T_64 ;
    %wait E_00000218661985d0;
    %pushi/vec4 1, 0, 1;
    %load/vec4 v0000021866228480_0;
    %cmp/e;
    %flag_get/vec4 4;
    %pushi/vec4 1, 0, 1;
    %load/vec4 v00000218662282a0_0;
    %cmp/e;
    %flag_get/vec4 4;
    %load/vec4 v0000021866228160_0;
    %pushi/vec4 1, 0, 1;
    %cmp/e;
    %flag_get/vec4 4;
    %and;
    %or;
    %flag_set/vec4 8;
    %jmp/0xz  T_64.0, 8;
    %pushi/vec4 1, 0, 1;
    %store/vec4 v0000021866226f30_0, 0, 1;
    %jmp T_64.1;
T_64.0 ;
    %pushi/vec4 0, 0, 1;
    %store/vec4 v0000021866226f30_0, 0, 1;
T_64.1 ;
    %jmp T_64;
    .thread T_64, $push;
    .scope S_000002186606b1f0;
T_65 ;
    %wait E_0000021866198050;
    %load/vec4 v000002186622c240_0;
    %cmpi/e 0, 0, 1;
    %jmp/0xz  T_65.0, 4;
    %pushi/vec4 1, 0, 1;
    %store/vec4 v00000218662296a0_0, 0, 1;
    %jmp T_65.1;
T_65.0 ;
    %pushi/vec4 0, 0, 1;
    %store/vec4 v00000218662296a0_0, 0, 1;
T_65.1 ;
    %jmp T_65;
    .thread T_65, $push;
    .scope S_000002186606b1f0;
T_66 ;
    %wait E_0000021866197050;
    %load/vec4 v0000021866228160_0;
    %cmpi/e 0, 0, 1;
    %jmp/0xz  T_66.0, 4;
    %pushi/vec4 1, 0, 1;
    %store/vec4 v0000021866228700_0, 0, 1;
    %jmp T_66.1;
T_66.0 ;
    %pushi/vec4 0, 0, 1;
    %store/vec4 v0000021866228700_0, 0, 1;
T_66.1 ;
    %jmp T_66;
    .thread T_66, $push;
    .scope S_000002186606b1f0;
T_67 ;
    %wait E_0000021866196dd0;
    %pushi/vec4 1, 0, 1;
    %load/vec4 v0000021866228f20_0;
    %cmp/e;
    %flag_get/vec4 4;
    %load/vec4 v000002186622bf20_0;
    %pushi/vec4 1, 0, 1;
    %cmp/e;
    %flag_get/vec4 4;
    %and;
    %flag_set/vec4 8;
    %jmp/0xz  T_67.0, 8;
    %pushi/vec4 1, 0, 1;
    %store/vec4 v0000021866229060_0, 0, 1;
    %jmp T_67.1;
T_67.0 ;
    %pushi/vec4 0, 0, 1;
    %store/vec4 v0000021866229060_0, 0, 1;
T_67.1 ;
    %jmp T_67;
    .thread T_67, $push;
    .scope S_000002186606b1f0;
T_68 ;
    %wait E_0000021866198690;
    %pushi/vec4 1, 0, 1;
    %load/vec4 v00000218662282a0_0;
    %cmp/e;
    %flag_get/vec4 4;
    %load/vec4 v0000021866228160_0;
    %pushi/vec4 0, 0, 1;
    %cmp/e;
    %flag_get/vec4 4;
    %and;
    %flag_set/vec4 8;
    %jmp/0xz  T_68.0, 8;
    %pushi/vec4 1, 0, 1;
    %store/vec4 v0000021866228840_0, 0, 1;
    %jmp T_68.1;
T_68.0 ;
    %pushi/vec4 0, 0, 1;
    %store/vec4 v0000021866228840_0, 0, 1;
T_68.1 ;
    %jmp T_68;
    .thread T_68, $push;
    .scope S_000002186606b1f0;
T_69 ;
    %wait E_0000021866197010;
    %pushi/vec4 1, 0, 1;
    %load/vec4 v0000021866227ee0_0;
    %cmp/e;
    %flag_get/vec4 4;
    %load/vec4 v000002186622c4c0_0;
    %pushi/vec4 0, 0, 2;
    %cmp/e;
    %flag_get/vec4 4;
    %and;
    %flag_set/vec4 8;
    %jmp/0xz  T_69.0, 8;
    %load/vec4 v0000021866228de0_0;
    %store/vec4 v0000021866228a20_0, 0, 32;
    %jmp T_69.1;
T_69.0 ;
    %pushi/vec4 1, 0, 1;
    %load/vec4 v0000021866227ee0_0;
    %cmp/e;
    %flag_get/vec4 4;
    %load/vec4 v000002186622c4c0_0;
    %pushi/vec4 1, 0, 2;
    %cmp/e;
    %flag_get/vec4 4;
    %and;
    %pushi/vec4 1, 0, 1;
    %load/vec4 v0000021866227ee0_0;
    %cmp/e;
    %flag_get/vec4 4;
    %load/vec4 v000002186622c4c0_0;
    %pushi/vec4 2, 0, 2;
    %cmp/e;
    %flag_get/vec4 4;
    %and;
    %or;
    %pushi/vec4 1, 0, 1;
    %load/vec4 v0000021866227ee0_0;
    %cmp/e;
    %flag_get/vec4 4;
    %load/vec4 v000002186622c4c0_0;
    %pushi/vec4 3, 0, 2;
    %cmp/e;
    %flag_get/vec4 4;
    %and;
    %or;
    %flag_set/vec4 8;
    %jmp/0xz  T_69.2, 8;
    %load/vec4 v0000021866225a90_0;
    %store/vec4 v0000021866228a20_0, 0, 32;
    %jmp T_69.3;
T_69.2 ;
    %pushi/vec4 4294967295, 4294967295, 32;
    %store/vec4 v0000021866228a20_0, 0, 32;
T_69.3 ;
T_69.1 ;
    %jmp T_69;
    .thread T_69, $push;
    .scope S_000002186606b1f0;
T_70 ;
    %wait E_0000021866196fd0;
    %pushi/vec4 1, 0, 1;
    %load/vec4 v0000021866227ee0_0;
    %cmp/e;
    %flag_get/vec4 4;
    %load/vec4 v000002186622c4c0_0;
    %pushi/vec4 1, 0, 2;
    %cmp/e;
    %flag_get/vec4 4;
    %and;
    %flag_set/vec4 8;
    %jmp/0xz  T_70.0, 8;
    %load/vec4 v0000021866228de0_0;
    %store/vec4 v0000021866229100_0, 0, 32;
    %jmp T_70.1;
T_70.0 ;
    %pushi/vec4 1, 0, 1;
    %load/vec4 v0000021866227ee0_0;
    %cmp/e;
    %flag_get/vec4 4;
    %load/vec4 v000002186622c4c0_0;
    %pushi/vec4 0, 0, 2;
    %cmp/e;
    %flag_get/vec4 4;
    %and;
    %pushi/vec4 1, 0, 1;
    %load/vec4 v0000021866227ee0_0;
    %cmp/e;
    %flag_get/vec4 4;
    %load/vec4 v000002186622c4c0_0;
    %pushi/vec4 2, 0, 2;
    %cmp/e;
    %flag_get/vec4 4;
    %and;
    %or;
    %pushi/vec4 1, 0, 1;
    %load/vec4 v0000021866227ee0_0;
    %cmp/e;
    %flag_get/vec4 4;
    %load/vec4 v000002186622c4c0_0;
    %pushi/vec4 3, 0, 2;
    %cmp/e;
    %flag_get/vec4 4;
    %and;
    %or;
    %flag_set/vec4 8;
    %jmp/0xz  T_70.2, 8;
    %load/vec4 v00000218662265d0_0;
    %store/vec4 v0000021866229100_0, 0, 32;
    %jmp T_70.3;
T_70.2 ;
    %pushi/vec4 4294967295, 4294967295, 32;
    %store/vec4 v0000021866229100_0, 0, 32;
T_70.3 ;
T_70.1 ;
    %jmp T_70;
    .thread T_70, $push;
    .scope S_000002186606b1f0;
T_71 ;
    %wait E_0000021866196f50;
    %pushi/vec4 1, 0, 1;
    %load/vec4 v0000021866227ee0_0;
    %cmp/e;
    %flag_get/vec4 4;
    %load/vec4 v000002186622c4c0_0;
    %pushi/vec4 2, 0, 2;
    %cmp/e;
    %flag_get/vec4 4;
    %and;
    %flag_set/vec4 8;
    %jmp/0xz  T_71.0, 8;
    %load/vec4 v0000021866228de0_0;
    %store/vec4 v0000021866228c00_0, 0, 32;
    %jmp T_71.1;
T_71.0 ;
    %pushi/vec4 1, 0, 1;
    %load/vec4 v0000021866227ee0_0;
    %cmp/e;
    %flag_get/vec4 4;
    %load/vec4 v000002186622c4c0_0;
    %pushi/vec4 0, 0, 2;
    %cmp/e;
    %flag_get/vec4 4;
    %and;
    %pushi/vec4 1, 0, 1;
    %load/vec4 v0000021866227ee0_0;
    %cmp/e;
    %flag_get/vec4 4;
    %load/vec4 v000002186622c4c0_0;
    %pushi/vec4 1, 0, 2;
    %cmp/e;
    %flag_get/vec4 4;
    %and;
    %or;
    %pushi/vec4 1, 0, 1;
    %load/vec4 v0000021866227ee0_0;
    %cmp/e;
    %flag_get/vec4 4;
    %load/vec4 v000002186622c4c0_0;
    %pushi/vec4 3, 0, 2;
    %cmp/e;
    %flag_get/vec4 4;
    %and;
    %or;
    %flag_set/vec4 8;
    %jmp/0xz  T_71.2, 8;
    %load/vec4 v0000021866226a30_0;
    %store/vec4 v0000021866228c00_0, 0, 32;
    %jmp T_71.3;
T_71.2 ;
    %pushi/vec4 4294967295, 4294967295, 32;
    %store/vec4 v0000021866228c00_0, 0, 32;
T_71.3 ;
T_71.1 ;
    %jmp T_71;
    .thread T_71, $push;
    .scope S_000002186606b1f0;
T_72 ;
    %wait E_0000021866196f10;
    %pushi/vec4 1, 0, 1;
    %load/vec4 v0000021866227ee0_0;
    %cmp/e;
    %flag_get/vec4 4;
    %load/vec4 v000002186622c4c0_0;
    %pushi/vec4 0, 0, 2;
    %cmp/e;
    %flag_get/vec4 4;
    %and;
    %pushi/vec4 1, 0, 1;
    %load/vec4 v0000021866227ee0_0;
    %cmp/e;
    %flag_get/vec4 4;
    %load/vec4 v000002186622c4c0_0;
    %pushi/vec4 1, 0, 2;
    %cmp/e;
    %flag_get/vec4 4;
    %and;
    %or;
    %pushi/vec4 1, 0, 1;
    %load/vec4 v0000021866227ee0_0;
    %cmp/e;
    %flag_get/vec4 4;
    %load/vec4 v000002186622c4c0_0;
    %pushi/vec4 2, 0, 2;
    %cmp/e;
    %flag_get/vec4 4;
    %and;
    %or;
    %flag_set/vec4 8;
    %jmp/0xz  T_72.0, 8;
    %load/vec4 v0000021866228520_0;
    %store/vec4 v00000218662291a0_0, 0, 32;
    %jmp T_72.1;
T_72.0 ;
    %pushi/vec4 1, 0, 1;
    %load/vec4 v0000021866227ee0_0;
    %cmp/e;
    %flag_get/vec4 4;
    %load/vec4 v000002186622c4c0_0;
    %pushi/vec4 3, 0, 2;
    %cmp/e;
    %flag_get/vec4 4;
    %and;
    %flag_set/vec4 8;
    %jmp/0xz  T_72.2, 8;
    %load/vec4 v0000021866228de0_0;
    %store/vec4 v00000218662291a0_0, 0, 32;
    %jmp T_72.3;
T_72.2 ;
    %pushi/vec4 4294967295, 4294967295, 32;
    %store/vec4 v00000218662291a0_0, 0, 32;
T_72.3 ;
T_72.1 ;
    %jmp T_72;
    .thread T_72, $push;
    .scope S_000002186606b1f0;
T_73 ;
    %wait E_0000021866196dd0;
    %pushi/vec4 1, 0, 1;
    %load/vec4 v0000021866228f20_0;
    %cmp/e;
    %flag_get/vec4 4;
    %load/vec4 v000002186622bf20_0;
    %pushi/vec4 1, 0, 1;
    %cmp/e;
    %flag_get/vec4 4;
    %and;
    %flag_set/vec4 8;
    %jmp/0xz  T_73.0, 8;
    %pushi/vec4 1, 0, 1;
    %store/vec4 v0000021866227f80_0, 0, 1;
    %jmp T_73.1;
T_73.0 ;
    %pushi/vec4 0, 0, 1;
    %store/vec4 v0000021866227f80_0, 0, 1;
T_73.1 ;
    %jmp T_73;
    .thread T_73, $push;
    .scope S_000002186606b1f0;
T_74 ;
    %wait E_0000021866196d90;
    %load/vec4 v00000218662283e0_0;
    %dup/vec4;
    %pushi/vec4 1, 0, 12;
    %cmp/u;
    %jmp/1 T_74.0, 6;
    %dup/vec4;
    %pushi/vec4 2, 0, 12;
    %cmp/u;
    %jmp/1 T_74.1, 6;
    %dup/vec4;
    %pushi/vec4 4, 0, 12;
    %cmp/u;
    %jmp/1 T_74.2, 6;
    %dup/vec4;
    %pushi/vec4 8, 0, 12;
    %cmp/u;
    %jmp/1 T_74.3, 6;
    %dup/vec4;
    %pushi/vec4 16, 0, 12;
    %cmp/u;
    %jmp/1 T_74.4, 6;
    %dup/vec4;
    %pushi/vec4 32, 0, 12;
    %cmp/u;
    %jmp/1 T_74.5, 6;
    %dup/vec4;
    %pushi/vec4 64, 0, 12;
    %cmp/u;
    %jmp/1 T_74.6, 6;
    %dup/vec4;
    %pushi/vec4 128, 0, 12;
    %cmp/u;
    %jmp/1 T_74.7, 6;
    %dup/vec4;
    %pushi/vec4 256, 0, 12;
    %cmp/u;
    %jmp/1 T_74.8, 6;
    %dup/vec4;
    %pushi/vec4 512, 0, 12;
    %cmp/u;
    %jmp/1 T_74.9, 6;
    %dup/vec4;
    %pushi/vec4 1024, 0, 12;
    %cmp/u;
    %jmp/1 T_74.10, 6;
    %dup/vec4;
    %pushi/vec4 2048, 0, 12;
    %cmp/u;
    %jmp/1 T_74.11, 6;
    %pushi/vec4 4095, 4095, 12;
    %store/vec4 v00000218662299c0_0, 0, 12;
    %jmp T_74.13;
T_74.0 ;
    %pushi/vec4 1, 0, 1;
    %load/vec4 v00000218662282a0_0;
    %cmp/e;
    %flag_get/vec4 4;
    %load/vec4 v0000021866228160_0;
    %pushi/vec4 1, 0, 1;
    %cmp/e;
    %flag_get/vec4 4;
    %and;
    %flag_set/vec4 8;
    %jmp/0xz  T_74.14, 8;
    %pushi/vec4 2, 0, 12;
    %store/vec4 v00000218662299c0_0, 0, 12;
    %jmp T_74.15;
T_74.14 ;
    %pushi/vec4 1, 0, 12;
    %store/vec4 v00000218662299c0_0, 0, 12;
T_74.15 ;
    %jmp T_74.13;
T_74.1 ;
    %pushi/vec4 1, 0, 1;
    %load/vec4 v0000021866228f20_0;
    %cmp/e;
    %flag_get/vec4 4;
    %load/vec4 v000002186622bf20_0;
    %pushi/vec4 1, 0, 1;
    %cmp/e;
    %flag_get/vec4 4;
    %and;
    %flag_set/vec4 8;
    %jmp/0xz  T_74.16, 8;
    %pushi/vec4 1, 0, 12;
    %store/vec4 v00000218662299c0_0, 0, 12;
    %jmp T_74.17;
T_74.16 ;
    %pushi/vec4 4, 0, 12;
    %store/vec4 v00000218662299c0_0, 0, 12;
T_74.17 ;
    %jmp T_74.13;
T_74.2 ;
    %pushi/vec4 1, 0, 1;
    %load/vec4 v00000218662294c0_0;
    %cmp/e;
    %flag_get/vec4 4;
    %load/vec4 v000002186622b700_0;
    %pushi/vec4 0, 0, 1;
    %cmp/e;
    %flag_get/vec4 4;
    %and;
    %flag_set/vec4 8;
    %jmp/0xz  T_74.18, 8;
    %pushi/vec4 8, 0, 12;
    %store/vec4 v00000218662299c0_0, 0, 12;
    %jmp T_74.19;
T_74.18 ;
    %pushi/vec4 16, 0, 12;
    %store/vec4 v00000218662299c0_0, 0, 12;
T_74.19 ;
    %jmp T_74.13;
T_74.3 ;
    %pushi/vec4 4, 0, 12;
    %store/vec4 v00000218662299c0_0, 0, 12;
    %jmp T_74.13;
T_74.4 ;
    %pushi/vec4 32, 0, 12;
    %store/vec4 v00000218662299c0_0, 0, 12;
    %jmp T_74.13;
T_74.5 ;
    %pushi/vec4 1, 0, 1;
    %load/vec4 v0000021866229880_0;
    %cmp/e;
    %flag_get/vec4 4;
    %load/vec4 v000002186622c740_0;
    %pushi/vec4 0, 0, 1;
    %cmp/e;
    %flag_get/vec4 4;
    %and;
    %flag_set/vec4 8;
    %jmp/0xz  T_74.20, 8;
    %pushi/vec4 1024, 0, 12;
    %store/vec4 v00000218662299c0_0, 0, 12;
    %jmp T_74.21;
T_74.20 ;
    %pushi/vec4 64, 0, 12;
    %store/vec4 v00000218662299c0_0, 0, 12;
T_74.21 ;
    %jmp T_74.13;
T_74.6 ;
    %pushi/vec4 128, 0, 12;
    %store/vec4 v00000218662299c0_0, 0, 12;
    %jmp T_74.13;
T_74.7 ;
    %pushi/vec4 256, 0, 12;
    %store/vec4 v00000218662299c0_0, 0, 12;
    %jmp T_74.13;
T_74.8 ;
    %pushi/vec4 1, 0, 1;
    %load/vec4 v0000021866229240_0;
    %cmp/e;
    %flag_get/vec4 4;
    %load/vec4 v000002186622c100_0;
    %pushi/vec4 0, 0, 1;
    %cmp/e;
    %flag_get/vec4 4;
    %and;
    %flag_set/vec4 8;
    %jmp/0xz  T_74.22, 8;
    %pushi/vec4 32, 0, 12;
    %store/vec4 v00000218662299c0_0, 0, 12;
    %jmp T_74.23;
T_74.22 ;
    %pushi/vec4 512, 0, 12;
    %store/vec4 v00000218662299c0_0, 0, 12;
T_74.23 ;
    %jmp T_74.13;
T_74.9 ;
    %pushi/vec4 256, 0, 12;
    %store/vec4 v00000218662299c0_0, 0, 12;
    %jmp T_74.13;
T_74.10 ;
    %pushi/vec4 1, 0, 1;
    %load/vec4 v0000021866228e80_0;
    %cmp/e;
    %flag_get/vec4 4;
    %load/vec4 v000002186622c240_0;
    %pushi/vec4 1, 0, 1;
    %cmp/e;
    %flag_get/vec4 4;
    %and;
    %flag_set/vec4 8;
    %jmp/0xz  T_74.24, 8;
    %pushi/vec4 2048, 0, 12;
    %store/vec4 v00000218662299c0_0, 0, 12;
    %jmp T_74.25;
T_74.24 ;
    %pushi/vec4 1024, 0, 12;
    %store/vec4 v00000218662299c0_0, 0, 12;
T_74.25 ;
    %jmp T_74.13;
T_74.11 ;
    %pushi/vec4 2, 0, 12;
    %store/vec4 v00000218662299c0_0, 0, 12;
    %jmp T_74.13;
T_74.13 ;
    %pop/vec4 1;
    %jmp T_74;
    .thread T_74, $push;
    .scope S_000002186606b1f0;
T_75 ;
    %wait E_0000021866197a90;
    %pushi/vec4 0, 0, 32;
    %ix/load 4, 32, 0;
    %ix/load 5, 0, 0;
    %flag_set/imm 4, 0;
    %assign/vec4/off/d v000002186622a260_0, 4, 5;
    %pushi/vec4 0, 0, 32;
    %ix/load 4, 32, 0;
    %ix/load 5, 0, 0;
    %flag_set/imm 4, 0;
    %assign/vec4/off/d v000002186622af80_0, 4, 5;
    %jmp T_75;
    .thread T_75;
# The file index is used to find the file name in the following table.
:file_names 7;
    "N/A";
    "<interactive>";
    "spmm_csr.v";
    "./spmm_csr_spmm_csr_Pipeline_VITIS_LOOP_80_2.v";
    "./spmm_csr_flow_control_loop_pipe_sequential_init.v";
    "./spmm_csr_mux_432_32_1_1.v";
    "./spmm_csr_mul_32s_32s_32_1_1.v";
