#! /c/Source/iverilog-install/bin/vvp
:ivl_version "12.0 (devel)" "(s20150603-1539-g2693dd32b)";
:ivl_delay_selection "TYPICAL";
:vpi_time_precision - 12;
:vpi_module "C:\iverilog\lib\ivl\system.vpi";
:vpi_module "C:\iverilog\lib\ivl\vhdl_sys.vpi";
:vpi_module "C:\iverilog\lib\ivl\vhdl_textio.vpi";
:vpi_module "C:\iverilog\lib\ivl\v2005_math.vpi";
:vpi_module "C:\iverilog\lib\ivl\va_math.vpi";
S_0000023748144630 .scope module, "tb_spmm_csr" "tb_spmm_csr" 2 6;
 .timescale -9 -12;
L_00000237482a8d40 .functor BUFZ 32, L_00000237483454e0, C4<00000000000000000000000000000000>, C4<00000000000000000000000000000000>, C4<00000000000000000000000000000000>;
L_00000237482a8950 .functor BUFZ 32, L_0000023748344680, C4<00000000000000000000000000000000>, C4<00000000000000000000000000000000>, C4<00000000000000000000000000000000>;
L_00000237482a9de0 .functor BUFZ 32, L_0000023748346480, C4<00000000000000000000000000000000>, C4<00000000000000000000000000000000>, C4<00000000000000000000000000000000>;
L_00000237482a8e90 .functor BUFZ 32, L_0000023748345800, C4<00000000000000000000000000000000>, C4<00000000000000000000000000000000>, C4<00000000000000000000000000000000>;
L_00000237482a9d00 .functor BUFZ 32, L_00000237483447c0, C4<00000000000000000000000000000000>, C4<00000000000000000000000000000000>, C4<00000000000000000000000000000000>;
L_00000237482a8410 .functor BUFZ 32, L_0000023748345ee0, C4<00000000000000000000000000000000>, C4<00000000000000000000000000000000>, C4<00000000000000000000000000000000>;
v0000023748340d60_0 .net "CIA_address0", 2 0, L_0000023748347e20;  1 drivers
v0000023748340cc0_0 .net "CIA_ce0", 0 0, v00000237482da270_0;  1 drivers
v0000023748340e00 .array "CIA_mem", 5 0, 31 0;
v00000237483411c0_0 .net "CIA_q0", 31 0, L_00000237482a8950;  1 drivers
v0000023748342a20_0 .net "CIB_address0", 2 0, L_00000237483476a0;  1 drivers
v00000237483427a0_0 .net "CIB_ce0", 0 0, v00000237482da450_0;  1 drivers
v0000023748343240 .array "CIB_mem", 6 0, 31 0;
v0000023748343420_0 .net "CIB_q0", 31 0, L_00000237482a9d00;  1 drivers
v0000023748343060_0 .net "CIC_address0", 3 0, L_00000237483a5f90;  1 drivers
v0000023748342c00_0 .net "CIC_ce0", 0 0, L_00000237483a53c0;  1 drivers
v0000023748343920_0 .net "CIC_d0", 31 0, L_00000237483a6540;  1 drivers
v00000237483439c0 .array "CIC_mem", 8 0, 31 0;
v0000023748342ac0_0 .net "CIC_we0", 0 0, L_00000237483a5c10;  1 drivers
v0000023748342840_0 .var "ColA", 31 0;
v00000237483434c0_0 .var "ColB", 31 0;
v0000023748343560_0 .net "NVA_address0", 2 0, L_0000023748347ec0;  1 drivers
v00000237483428e0_0 .net "NVA_ce0", 0 0, v000002374833cb70_0;  1 drivers
v0000023748342980 .array "NVA_mem", 5 0, 31 0;
v0000023748342fc0_0 .net "NVA_q0", 31 0, L_00000237482a9de0;  1 drivers
v0000023748342b60_0 .net "NVB_address0", 2 0, L_0000023748347420;  1 drivers
v0000023748343600_0 .net "NVB_ce0", 0 0, v000002374833b8b0_0;  1 drivers
v0000023748342660 .array "NVB_mem", 6 0, 31 0;
v0000023748342d40_0 .net "NVB_q0", 31 0, L_00000237482a8410;  1 drivers
v0000023748343b00_0 .net "NVC_address0", 3 0, L_00000237483a5040;  1 drivers
v0000023748343380_0 .net "NVC_ce0", 0 0, L_00000237483a5430;  1 drivers
v0000023748342700_0 .net "NVC_d0", 31 0, L_00000237483a4b70;  1 drivers
v00000237483436a0 .array "NVC_mem", 8 0, 31 0;
v00000237483432e0_0 .net "NVC_we0", 0 0, L_00000237483a4b00;  1 drivers
v0000023748342e80_0 .net "RPA_address0", 2 0, L_0000023748347f60;  1 drivers
v0000023748342ca0_0 .net "RPA_ce0", 0 0, v000002374833b9f0_0;  1 drivers
v0000023748343a60 .array "RPA_mem", 4 0, 31 0;
v0000023748343ba0_0 .net "RPA_q0", 31 0, L_00000237482a8d40;  1 drivers
v0000023748342de0_0 .net "RPB_address0", 2 0, L_0000023748347ce0;  1 drivers
v0000023748342f20_0 .net "RPB_ce0", 0 0, v000002374833d390_0;  1 drivers
v0000023748343880 .array "RPB_mem", 4 0, 31 0;
v0000023748343100_0 .net "RPB_q0", 31 0, L_00000237482a8e90;  1 drivers
v0000023748343c40_0 .net "RPC_address0", 2 0, v000002374833d570_0;  1 drivers
v00000237483431a0_0 .net "RPC_ce0", 0 0, v000002374833ccb0_0;  1 drivers
v0000023748343740_0 .net "RPC_d0", 31 0, v000002374833cd50_0;  1 drivers
v00000237483437e0 .array "RPC_mem", 4 0, 31 0;
v00000237483425c0_0 .net "RPC_we0", 0 0, v000002374833c990_0;  1 drivers
v0000023748345260_0 .var "RowA", 31 0;
v0000023748345300_0 .net *"_ivl_0", 31 0, L_00000237483454e0;  1 drivers
v0000023748344a40_0 .net *"_ivl_10", 3 0, L_0000023748344ae0;  1 drivers
L_00000237483489f0 .functor BUFT 1, C4<0>, C4<0>, C4<0>, C4<0>;
v0000023748346d40_0 .net *"_ivl_13", 0 0, L_00000237483489f0;  1 drivers
v0000023748345c60_0 .net *"_ivl_16", 31 0, L_0000023748346480;  1 drivers
v00000237483453a0_0 .net *"_ivl_18", 3 0, L_0000023748345440;  1 drivers
v0000023748345120_0 .net *"_ivl_2", 3 0, L_00000237483467a0;  1 drivers
L_0000023748348a38 .functor BUFT 1, C4<0>, C4<0>, C4<0>, C4<0>;
v00000237483459e0_0 .net *"_ivl_21", 0 0, L_0000023748348a38;  1 drivers
v00000237483463e0_0 .net *"_ivl_24", 31 0, L_0000023748345800;  1 drivers
v0000023748345620_0 .net *"_ivl_26", 3 0, L_0000023748345580;  1 drivers
L_0000023748348a80 .functor BUFT 1, C4<0>, C4<0>, C4<0>, C4<0>;
v00000237483468e0_0 .net *"_ivl_29", 0 0, L_0000023748348a80;  1 drivers
v0000023748345bc0_0 .net *"_ivl_32", 31 0, L_00000237483447c0;  1 drivers
v0000023748345760_0 .net *"_ivl_34", 4 0, L_0000023748346a20;  1 drivers
L_0000023748348ac8 .functor BUFT 1, C4<00>, C4<0>, C4<0>, C4<0>;
v0000023748345d00_0 .net *"_ivl_37", 1 0, L_0000023748348ac8;  1 drivers
v0000023748344720_0 .net *"_ivl_40", 31 0, L_0000023748345ee0;  1 drivers
v00000237483449a0_0 .net *"_ivl_42", 4 0, L_0000023748346340;  1 drivers
L_0000023748348b10 .functor BUFT 1, C4<00>, C4<0>, C4<0>, C4<0>;
v0000023748345e40_0 .net *"_ivl_45", 1 0, L_0000023748348b10;  1 drivers
L_00000237483489a8 .functor BUFT 1, C4<0>, C4<0>, C4<0>, C4<0>;
v00000237483445e0_0 .net *"_ivl_5", 0 0, L_00000237483489a8;  1 drivers
v0000023748344c20_0 .net *"_ivl_8", 31 0, L_0000023748344680;  1 drivers
v0000023748346980_0 .var "ap_clk", 0 0;
v00000237483451c0_0 .net "ap_done", 0 0, v000002374833e9d0_0;  1 drivers
v00000237483462a0_0 .net "ap_idle", 0 0, v000002374833fdc0_0;  1 drivers
v0000023748344cc0_0 .net "ap_ready", 0 0, v000002374833fe60_0;  1 drivers
v0000023748346ac0_0 .var "ap_rst", 0 0;
v0000023748344ea0_0 .var "ap_start", 0 0;
v0000023748346660_0 .var/i "i", 31 0;
E_00000237482beae0 .event anyedge, v000002374833e9d0_0;
L_00000237483454e0 .array/port v0000023748343a60, L_00000237483467a0;
L_00000237483467a0 .concat [ 3 1 0 0], L_0000023748347f60, L_00000237483489a8;
L_0000023748344680 .array/port v0000023748340e00, L_0000023748344ae0;
L_0000023748344ae0 .concat [ 3 1 0 0], L_0000023748347e20, L_00000237483489f0;
L_0000023748346480 .array/port v0000023748342980, L_0000023748345440;
L_0000023748345440 .concat [ 3 1 0 0], L_0000023748347ec0, L_0000023748348a38;
L_0000023748345800 .array/port v0000023748343880, L_0000023748345580;
L_0000023748345580 .concat [ 3 1 0 0], L_0000023748347ce0, L_0000023748348a80;
L_00000237483447c0 .array/port v0000023748343240, L_0000023748346a20;
L_0000023748346a20 .concat [ 3 2 0 0], L_00000237483476a0, L_0000023748348ac8;
L_0000023748345ee0 .array/port v0000023748342660, L_0000023748346340;
L_0000023748346340 .concat [ 3 2 0 0], L_0000023748347420, L_0000023748348b10;
S_00000237481fe3b0 .scope module, "dut" "spmm_csr" 2 107, 3 19 0, S_0000023748144630;
 .timescale -9 -12;
    .port_info 0 /OUTPUT 1 "ap_local_block";
    .port_info 1 /OUTPUT 1 "ap_local_deadlock";
    .port_info 2 /INPUT 1 "ap_clk";
    .port_info 3 /INPUT 1 "ap_rst";
    .port_info 4 /INPUT 1 "ap_start";
    .port_info 5 /OUTPUT 1 "ap_done";
    .port_info 6 /OUTPUT 1 "ap_idle";
    .port_info 7 /OUTPUT 1 "ap_ready";
    .port_info 8 /INPUT 32 "RowA";
    .port_info 9 /INPUT 32 "ColA";
    .port_info 10 /INPUT 32 "ColB";
    .port_info 11 /OUTPUT 3 "RPA_address0";
    .port_info 12 /OUTPUT 1 "RPA_ce0";
    .port_info 13 /INPUT 32 "RPA_q0";
    .port_info 14 /OUTPUT 3 "RPA_address1";
    .port_info 15 /OUTPUT 1 "RPA_ce1";
    .port_info 16 /INPUT 32 "RPA_q1";
    .port_info 17 /OUTPUT 3 "CIA_address0";
    .port_info 18 /OUTPUT 1 "CIA_ce0";
    .port_info 19 /INPUT 32 "CIA_q0";
    .port_info 20 /OUTPUT 3 "NVA_address0";
    .port_info 21 /OUTPUT 1 "NVA_ce0";
    .port_info 22 /INPUT 32 "NVA_q0";
    .port_info 23 /OUTPUT 3 "RPB_address0";
    .port_info 24 /OUTPUT 1 "RPB_ce0";
    .port_info 25 /INPUT 32 "RPB_q0";
    .port_info 26 /OUTPUT 3 "RPB_address1";
    .port_info 27 /OUTPUT 1 "RPB_ce1";
    .port_info 28 /INPUT 32 "RPB_q1";
    .port_info 29 /OUTPUT 3 "CIB_address0";
    .port_info 30 /OUTPUT 1 "CIB_ce0";
    .port_info 31 /INPUT 32 "CIB_q0";
    .port_info 32 /OUTPUT 3 "NVB_address0";
    .port_info 33 /OUTPUT 1 "NVB_ce0";
    .port_info 34 /INPUT 32 "NVB_q0";
    .port_info 35 /OUTPUT 3 "RPC_address0";
    .port_info 36 /OUTPUT 1 "RPC_ce0";
    .port_info 37 /OUTPUT 1 "RPC_we0";
    .port_info 38 /OUTPUT 32 "RPC_d0";
    .port_info 39 /OUTPUT 4 "CIC_address0";
    .port_info 40 /OUTPUT 1 "CIC_ce0";
    .port_info 41 /OUTPUT 1 "CIC_we0";
    .port_info 42 /OUTPUT 32 "CIC_d0";
    .port_info 43 /OUTPUT 4 "NVC_address0";
    .port_info 44 /OUTPUT 1 "NVC_ce0";
    .port_info 45 /OUTPUT 1 "NVC_we0";
    .port_info 46 /OUTPUT 32 "NVC_d0";
P_00000237481fe540 .param/l "ap_ST_fsm_state1" 0 3 69, C4<000000000001>;
P_00000237481fe578 .param/l "ap_ST_fsm_state10" 0 3 78, C4<001000000000>;
P_00000237481fe5b0 .param/l "ap_ST_fsm_state11" 0 3 79, C4<010000000000>;
P_00000237481fe5e8 .param/l "ap_ST_fsm_state12" 0 3 80, C4<100000000000>;
P_00000237481fe620 .param/l "ap_ST_fsm_state2" 0 3 70, C4<000000000010>;
P_00000237481fe658 .param/l "ap_ST_fsm_state3" 0 3 71, C4<000000000100>;
P_00000237481fe690 .param/l "ap_ST_fsm_state4" 0 3 72, C4<000000001000>;
P_00000237481fe6c8 .param/l "ap_ST_fsm_state5" 0 3 73, C4<000000010000>;
P_00000237481fe700 .param/l "ap_ST_fsm_state6" 0 3 74, C4<000000100000>;
P_00000237481fe738 .param/l "ap_ST_fsm_state7" 0 3 75, C4<000001000000>;
P_00000237481fe770 .param/l "ap_ST_fsm_state8" 0 3 76, C4<000010000000>;
P_00000237481fe7a8 .param/l "ap_ST_fsm_state9" 0 3 77, C4<000100000000>;
L_00000237483a5f90 .functor BUFZ 4, L_0000023748346020, C4<0000>, C4<0000>, C4<0000>;
L_00000237483a53c0 .functor BUFZ 1, v00000237481378b0_0, C4<0>, C4<0>, C4<0>;
L_00000237483a6540 .functor BUFZ 32, L_00000237482aa1d0, C4<00000000000000000000000000000000>, C4<00000000000000000000000000000000>, C4<00000000000000000000000000000000>;
L_00000237483a5c10 .functor BUFZ 1, v00000237481373b0_0, C4<0>, C4<0>, C4<0>;
L_00000237483a5040 .functor BUFZ 4, L_0000023748344d60, C4<0000>, C4<0000>, C4<0000>;
L_00000237483a5430 .functor BUFZ 1, v0000023748137450_0, C4<0>, C4<0>, C4<0>;
L_00000237483a4b70 .functor BUFZ 32, L_00000237482aa240, C4<00000000000000000000000000000000>, C4<00000000000000000000000000000000>, C4<00000000000000000000000000000000>;
L_00000237483a4b00 .functor BUFZ 1, v0000023748136cd0_0, C4<0>, C4<0>, C4<0>;
v00000237482d9910_0 .net "CIA_address0", 2 0, L_0000023748347e20;  alias, 1 drivers
v00000237482da270_0 .var "CIA_ce0", 0 0;
v00000237482da310_0 .net "CIA_q0", 31 0, L_00000237482a8950;  alias, 1 drivers
v00000237482da3b0_0 .net "CIB_address0", 2 0, L_00000237483476a0;  alias, 1 drivers
v00000237482da450_0 .var "CIB_ce0", 0 0;
v00000237482da4f0_0 .net "CIB_q0", 31 0, L_00000237482a9d00;  alias, 1 drivers
v00000237482dab30_0 .net "CIC_address0", 3 0, L_00000237483a5f90;  alias, 1 drivers
v00000237482dac70_0 .net "CIC_ce0", 0 0, L_00000237483a53c0;  alias, 1 drivers
v000002374833c670_0 .net "CIC_d0", 31 0, L_00000237483a6540;  alias, 1 drivers
v000002374833c030_0 .net "CIC_we0", 0 0, L_00000237483a5c10;  alias, 1 drivers
v000002374833d1b0_0 .net "ColA", 31 0, v0000023748342840_0;  1 drivers
v000002374833d110_0 .net "ColB", 31 0, v00000237483434c0_0;  1 drivers
v000002374833ce90_0 .net "NVA_address0", 2 0, L_0000023748347ec0;  alias, 1 drivers
v000002374833cb70_0 .var "NVA_ce0", 0 0;
v000002374833d430_0 .net "NVA_q0", 31 0, L_00000237482a9de0;  alias, 1 drivers
v000002374833c350_0 .net "NVB_address0", 2 0, L_0000023748347420;  alias, 1 drivers
v000002374833b8b0_0 .var "NVB_ce0", 0 0;
v000002374833bc70_0 .net "NVB_q0", 31 0, L_00000237482a8410;  alias, 1 drivers
v000002374833ba90_0 .net "NVC_address0", 3 0, L_00000237483a5040;  alias, 1 drivers
v000002374833c7b0_0 .net "NVC_ce0", 0 0, L_00000237483a5430;  alias, 1 drivers
v000002374833d4d0_0 .net "NVC_d0", 31 0, L_00000237483a4b70;  alias, 1 drivers
v000002374833c850_0 .net "NVC_we0", 0 0, L_00000237483a4b00;  alias, 1 drivers
v000002374833c170_0 .net "RPA_address0", 2 0, L_0000023748347f60;  alias, 1 drivers
v000002374833c5d0_0 .net "RPA_address1", 2 0, L_0000023748348140;  1 drivers
v000002374833b9f0_0 .var "RPA_ce0", 0 0;
v000002374833c8f0_0 .var "RPA_ce1", 0 0;
v000002374833cad0_0 .net "RPA_q0", 31 0, L_00000237482a8d40;  alias, 1 drivers
o00000237482ee4a8 .functor BUFZ 32, C4<zzzzzzzzzzzzzzzzzzzzzzzzzzzzzzzz>; HiZ drive
v000002374833c710_0 .net "RPA_q1", 31 0, o00000237482ee4a8;  0 drivers
v000002374833b770_0 .net "RPB_address0", 2 0, L_0000023748347ce0;  alias, 1 drivers
v000002374833d250_0 .net "RPB_address1", 2 0, L_0000023748347740;  1 drivers
v000002374833d390_0 .var "RPB_ce0", 0 0;
v000002374833bdb0_0 .var "RPB_ce1", 0 0;
v000002374833bb30_0 .net "RPB_q0", 31 0, L_00000237482a8e90;  alias, 1 drivers
o00000237482ee5c8 .functor BUFZ 32, C4<zzzzzzzzzzzzzzzzzzzzzzzzzzzzzzzz>; HiZ drive
v000002374833cc10_0 .net "RPB_q1", 31 0, o00000237482ee5c8;  0 drivers
v000002374833d570_0 .var "RPC_address0", 2 0;
v000002374833ccb0_0 .var "RPC_ce0", 0 0;
v000002374833cd50_0 .var "RPC_d0", 31 0;
v000002374833c990_0 .var "RPC_we0", 0 0;
v000002374833be50_0 .net "RowA", 31 0, v0000023748345260_0;  1 drivers
v000002374833d070_0 .net *"_ivl_104", 0 0, L_00000237483477e0;  1 drivers
L_0000023748349800 .functor BUFT 1, C4<1>, C4<0>, C4<0>, C4<0>;
v000002374833d2f0_0 .net/2u *"_ivl_106", 0 0, L_0000023748349800;  1 drivers
L_0000023748349848 .functor BUFT 1, C4<0>, C4<0>, C4<0>, C4<0>;
v000002374833c210_0 .net/2u *"_ivl_108", 0 0, L_0000023748349848;  1 drivers
v000002374833d610_0 .net *"_ivl_112", 0 0, L_00000237483479c0;  1 drivers
L_0000023748349890 .functor BUFT 1, C4<1>, C4<0>, C4<0>, C4<0>;
v000002374833cdf0_0 .net/2u *"_ivl_114", 0 0, L_0000023748349890;  1 drivers
L_00000237483498d8 .functor BUFT 1, C4<0>, C4<0>, C4<0>, C4<0>;
v000002374833b950_0 .net/2u *"_ivl_116", 0 0, L_00000237483498d8;  1 drivers
v000002374833cf30_0 .net *"_ivl_120", 0 0, L_00000237483aed70;  1 drivers
L_0000023748349920 .functor BUFT 1, C4<1>, C4<0>, C4<0>, C4<0>;
v000002374833ca30_0 .net/2u *"_ivl_122", 0 0, L_0000023748349920;  1 drivers
L_0000023748349968 .functor BUFT 1, C4<0>, C4<0>, C4<0>, C4<0>;
v000002374833b810_0 .net/2u *"_ivl_124", 0 0, L_0000023748349968;  1 drivers
v000002374833cfd0_0 .net *"_ivl_128", 0 0, L_00000237483b1110;  1 drivers
L_00000237483499b0 .functor BUFT 1, C4<1>, C4<0>, C4<0>, C4<0>;
v000002374833c490_0 .net/2u *"_ivl_130", 0 0, L_00000237483499b0;  1 drivers
L_00000237483499f8 .functor BUFT 1, C4<0>, C4<0>, C4<0>, C4<0>;
v000002374833bbd0_0 .net/2u *"_ivl_132", 0 0, L_00000237483499f8;  1 drivers
L_0000023748349a40 .functor BUFT 1, C4<00000000000000000000000000000000>, C4<0>, C4<0>, C4<0>;
v000002374833bd10_0 .net *"_ivl_153", 31 0, L_0000023748349a40;  1 drivers
L_0000023748349a88 .functor BUFT 1, C4<00000000000000000000000000000000>, C4<0>, C4<0>, C4<0>;
v000002374833bef0_0 .net *"_ivl_157", 31 0, L_0000023748349a88;  1 drivers
L_0000023748349ad0 .functor BUFT 1, C4<00000000000000000000000000000000>, C4<0>, C4<0>, C4<0>;
v000002374833c530_0 .net *"_ivl_161", 31 0, L_0000023748349ad0;  1 drivers
L_0000023748349b18 .functor BUFT 1, C4<0000000000000000000000000000000000000000000000000000000000000>, C4<0>, C4<0>, C4<0>;
v000002374833bf90_0 .net *"_ivl_165", 60 0, L_0000023748349b18;  1 drivers
L_0000023748349608 .functor BUFT 1, C4<00000000000000000000000000000001>, C4<0>, C4<0>, C4<0>;
v000002374833c3f0_0 .net/2u *"_ivl_52", 31 0, L_0000023748349608;  1 drivers
L_0000023748349650 .functor BUFT 1, C4<00000000000000000000000000000001>, C4<0>, C4<0>, C4<0>;
v000002374833c0d0_0 .net/2u *"_ivl_56", 31 0, L_0000023748349650;  1 drivers
L_0000023748349698 .functor BUFT 1, C4<0000000000000000000000000000000000000000000000000000000000000001>, C4<0>, C4<0>, C4<0>;
v000002374833c2b0_0 .net/2u *"_ivl_60", 63 0, L_0000023748349698;  1 drivers
L_00000237483496e0 .functor BUFT 1, C4<001>, C4<0>, C4<0>, C4<0>;
v000002374833ea70_0 .net/2u *"_ivl_64", 2 0, L_00000237483496e0;  1 drivers
L_0000023748349728 .functor BUFT 1, C4<0000000000000000000000000000000000000000000000000000000000000001>, C4<0>, C4<0>, C4<0>;
v000002374833e750_0 .net/2u *"_ivl_68", 63 0, L_0000023748349728;  1 drivers
v000002374833df30_0 .var "add2453_lcssa65_lcssa85_fu_90", 31 0;
v000002374833f1f0_0 .var "add2453_lcssa66_reg_403", 31 0;
v000002374833dad0_0 .var "add2454_reg_462", 31 0;
v000002374833f790_0 .var "add2456_lcssa68_lcssa81_fu_86", 31 0;
v000002374833f0b0_0 .var "add2456_lcssa69_reg_392", 31 0;
v000002374833eb10_0 .var "add2457_reg_450", 31 0;
v000002374833e430_0 .var "add2459_lcssa71_lcssa77_fu_82", 31 0;
v000002374833ebb0_0 .var "add2459_lcssa72_reg_381", 31 0;
v000002374833f3d0_0 .var "add2460_reg_438", 31 0;
v000002374833e390_0 .var "add2462_lcssa74_lcssa89_fu_94", 31 0;
v000002374833f510_0 .var "add2462_lcssa75_reg_370", 31 0;
v000002374833ddf0_0 .var "add2463_reg_426", 31 0;
v000002374833dfd0_0 .net "add_ln50_fu_622_p2", 31 0, L_0000023748347920;  1 drivers
v000002374833e070_0 .var "add_ln50_reg_848", 31 0;
v000002374833e890_0 .net "add_ln56_fu_607_p2", 31 0, L_0000023748347380;  1 drivers
v000002374833f470_0 .var "add_ln56_reg_834", 31 0;
v000002374833e110_0 .net "add_ln59_fu_710_p2", 63 0, L_0000023748348000;  1 drivers
v000002374833e1b0_0 .net "add_ln67_fu_686_p2", 2 0, L_00000237483480a0;  1 drivers
v000002374833f5b0_0 .net "add_ln70_fu_749_p2", 63 0, L_00000237483481e0;  1 drivers
v000002374833da30_0 .net "add_ln75_fu_735_p2", 31 0, L_0000023748348320;  1 drivers
v000002374833ecf0_0 .var "ap_CS_fsm", 11 0;
v000002374833f830_0 .net "ap_CS_fsm_state1", 0 0, L_0000023748347d80;  1 drivers
v000002374833ec50_0 .net "ap_CS_fsm_state10", 0 0, L_00000237483483c0;  1 drivers
v000002374833ef70_0 .net "ap_CS_fsm_state11", 0 0, L_0000023748347600;  1 drivers
v000002374833e4d0_0 .net "ap_CS_fsm_state12", 0 0, L_0000023748347a60;  1 drivers
v000002374833e250_0 .net "ap_CS_fsm_state2", 0 0, L_0000023748346de0;  1 drivers
v000002374833f150_0 .net "ap_CS_fsm_state3", 0 0, L_0000023748346e80;  1 drivers
v000002374833e930_0 .net "ap_CS_fsm_state4", 0 0, L_0000023748346fc0;  1 drivers
v000002374833e2f0_0 .net "ap_CS_fsm_state5", 0 0, L_0000023748346f20;  1 drivers
v000002374833f650_0 .net "ap_CS_fsm_state6", 0 0, L_0000023748347060;  1 drivers
v000002374833e610_0 .net "ap_CS_fsm_state7", 0 0, L_0000023748347100;  1 drivers
v000002374833ed90_0 .net "ap_CS_fsm_state8", 0 0, L_00000237483471a0;  1 drivers
v000002374833f6f0_0 .net "ap_CS_fsm_state9", 0 0, L_0000023748347240;  1 drivers
v000002374833ee30_0 .var "ap_NS_fsm", 11 0;
L_0000023748349338 .functor BUFT 1, C4<0>, C4<0>, C4<0>, C4<0>;
v000002374833e7f0_0 .net "ap_ST_fsm_state10_blk", 0 0, L_0000023748349338;  1 drivers
v000002374833f290_0 .var "ap_ST_fsm_state11_blk", 0 0;
L_0000023748349380 .functor BUFT 1, C4<0>, C4<0>, C4<0>, C4<0>;
v000002374833e570_0 .net "ap_ST_fsm_state12_blk", 0 0, L_0000023748349380;  1 drivers
v000002374833db70_0 .var "ap_ST_fsm_state1_blk", 0 0;
L_00000237483493c8 .functor BUFT 1, C4<0>, C4<0>, C4<0>, C4<0>;
v000002374833dc10_0 .net "ap_ST_fsm_state2_blk", 0 0, L_00000237483493c8;  1 drivers
L_0000023748349410 .functor BUFT 1, C4<0>, C4<0>, C4<0>, C4<0>;
v000002374833eed0_0 .net "ap_ST_fsm_state3_blk", 0 0, L_0000023748349410;  1 drivers
L_0000023748349458 .functor BUFT 1, C4<0>, C4<0>, C4<0>, C4<0>;
v000002374833d990_0 .net "ap_ST_fsm_state4_blk", 0 0, L_0000023748349458;  1 drivers
L_00000237483494a0 .functor BUFT 1, C4<0>, C4<0>, C4<0>, C4<0>;
v000002374833f330_0 .net "ap_ST_fsm_state5_blk", 0 0, L_00000237483494a0;  1 drivers
L_00000237483494e8 .functor BUFT 1, C4<0>, C4<0>, C4<0>, C4<0>;
v000002374833de90_0 .net "ap_ST_fsm_state6_blk", 0 0, L_00000237483494e8;  1 drivers
L_0000023748349530 .functor BUFT 1, C4<0>, C4<0>, C4<0>, C4<0>;
v000002374833dcb0_0 .net "ap_ST_fsm_state7_blk", 0 0, L_0000023748349530;  1 drivers
L_0000023748349578 .functor BUFT 1, C4<0>, C4<0>, C4<0>, C4<0>;
v000002374833dd50_0 .net "ap_ST_fsm_state8_blk", 0 0, L_0000023748349578;  1 drivers
L_00000237483495c0 .functor BUFT 1, C4<0>, C4<0>, C4<0>, C4<0>;
v000002374833f010_0 .net "ap_ST_fsm_state9_blk", 0 0, L_00000237483495c0;  1 drivers
v000002374833e6b0_0 .net "ap_clk", 0 0, v0000023748346980_0;  1 drivers
v000002374833e9d0_0 .var "ap_done", 0 0;
v000002374833fdc0_0 .var "ap_idle", 0 0;
L_0000023748349770 .functor BUFT 1, C4<0>, C4<0>, C4<0>, C4<0>;
v0000023748341940_0 .net "ap_local_block", 0 0, L_0000023748349770;  1 drivers
L_00000237483497b8 .functor BUFT 1, C4<0>, C4<0>, C4<0>, C4<0>;
v0000023748342200_0 .net "ap_local_deadlock", 0 0, L_00000237483497b8;  1 drivers
v0000023748340ea0_0 .var "ap_phi_mux_add2453_phi_fu_544_p8", 31 0;
v00000237483404a0_0 .var "ap_phi_mux_add2456_phi_fu_526_p8", 31 0;
v0000023748341f80_0 .var "ap_phi_mux_add2459_phi_fu_508_p8", 31 0;
v0000023748341d00_0 .var "ap_phi_mux_add2462_phi_fu_490_p8", 31 0;
v000002374833fe60_0 .var "ap_ready", 0 0;
v00000237483414e0_0 .net "ap_rst", 0 0, v0000023748346ac0_0;  1 drivers
v0000023748341a80_0 .net "ap_start", 0 0, v0000023748344ea0_0;  1 drivers
v00000237483400e0_0 .var "c_reg_279", 31 0;
v0000023748341b20_0 .var "empty_11_reg_249", 31 0;
v0000023748340900_0 .var "empty_12_reg_259", 31 0;
v0000023748340f40_0 .var "empty_13_reg_269", 31 0;
v00000237483419e0_0 .var "empty_14_reg_290", 31 0;
v0000023748342340_0 .var "empty_15_reg_310", 31 0;
v0000023748342160_0 .var "empty_16_reg_330", 31 0;
v0000023748341620_0 .var "empty_17_reg_350", 31 0;
v0000023748342480_0 .var "empty_reg_239", 31 0;
v00000237483423e0_0 .net "grp_spmm_csr_Pipeline_VITIS_LOOP_80_2_fu_558_CIC_address0", 3 0, L_0000023748346020;  1 drivers
v0000023748341120_0 .net "grp_spmm_csr_Pipeline_VITIS_LOOP_80_2_fu_558_CIC_ce0", 0 0, v00000237481378b0_0;  1 drivers
v00000237483407c0_0 .net "grp_spmm_csr_Pipeline_VITIS_LOOP_80_2_fu_558_CIC_d0", 31 0, L_00000237482aa1d0;  1 drivers
v0000023748340040_0 .net "grp_spmm_csr_Pipeline_VITIS_LOOP_80_2_fu_558_CIC_we0", 0 0, v00000237481373b0_0;  1 drivers
v0000023748342020_0 .net "grp_spmm_csr_Pipeline_VITIS_LOOP_80_2_fu_558_NVC_address0", 3 0, L_0000023748344d60;  1 drivers
v0000023748340360_0 .net "grp_spmm_csr_Pipeline_VITIS_LOOP_80_2_fu_558_NVC_ce0", 0 0, v0000023748137450_0;  1 drivers
v0000023748341bc0_0 .net "grp_spmm_csr_Pipeline_VITIS_LOOP_80_2_fu_558_NVC_d0", 31 0, L_00000237482aa240;  1 drivers
v0000023748341760_0 .net "grp_spmm_csr_Pipeline_VITIS_LOOP_80_2_fu_558_NVC_we0", 0 0, v0000023748136cd0_0;  1 drivers
v00000237483422a0_0 .net "grp_spmm_csr_Pipeline_VITIS_LOOP_80_2_fu_558_ap_done", 0 0, v00000237482abe60_0;  1 drivers
v0000023748341260_0 .net "grp_spmm_csr_Pipeline_VITIS_LOOP_80_2_fu_558_ap_idle", 0 0, v000002374813b060_0;  1 drivers
v0000023748341300_0 .net "grp_spmm_csr_Pipeline_VITIS_LOOP_80_2_fu_558_ap_ready", 0 0, L_00000237482aa0f0;  1 drivers
v000002374833ffa0_0 .net "grp_spmm_csr_Pipeline_VITIS_LOOP_80_2_fu_558_ap_start", 0 0, v00000237483409a0_0;  1 drivers
v00000237483409a0_0 .var "grp_spmm_csr_Pipeline_VITIS_LOOP_80_2_fu_558_ap_start_reg", 0 0;
v0000023748340a40_0 .net "grp_spmm_csr_Pipeline_VITIS_LOOP_80_2_fu_558_idxempty_1_out", 31 0, L_000002374821e050;  1 drivers
v00000237483416c0_0 .net "grp_spmm_csr_Pipeline_VITIS_LOOP_80_2_fu_558_idxempty_1_out_ap_vld", 0 0, v000002374813c500_0;  1 drivers
v00000237483413a0_0 .var "i_fu_78", 31 0;
v0000023748341c60_0 .net "icmp_ln44_fu_602_p2", 0 0, L_0000023748347880;  1 drivers
v0000023748342520_0 .net "icmp_ln50_fu_617_p2", 0 0, L_00000237483b0210;  1 drivers
v00000237483405e0_0 .net "icmp_ln59_fu_644_p2", 0 0, L_00000237483b0df0;  1 drivers
v0000023748340fe0_0 .net "icmp_ln70_fu_705_p2", 0 0, L_00000237483afdb0;  1 drivers
v0000023748341440_0 .var "idxempty_fu_74", 31 0;
v0000023748341080_0 .var "j_1_reg_414", 63 0;
v000002374833ff00_0 .var "k_1_reg_474", 63 0;
v0000023748340ae0_0 .net "mul_ln75_fu_716_p2", 31 0, L_0000023748346ca0;  1 drivers
v00000237483420c0_0 .net/s "sext_ln59_1_fu_640_p1", 63 0, L_00000237483b0c10;  1 drivers
v0000023748341580_0 .var/s "sext_ln59_1_reg_876", 63 0;
v00000237483418a0_0 .net/s "sext_ln59_fu_636_p1", 63 0, L_00000237483b0850;  1 drivers
v0000023748341800_0 .net/s "sext_ln70_1_fu_701_p1", 63 0, L_00000237483b0b70;  1 drivers
v0000023748341da0_0 .var/s "sext_ln70_1_reg_917", 63 0;
v0000023748340180_0 .net/s "sext_ln70_fu_697_p1", 63 0, L_00000237483af810;  1 drivers
v0000023748341e40_0 .net "tmp_fu_721_p6", 31 0, L_00000237483a56d0;  1 drivers
v0000023748340220_0 .net "trunc_ln52_fu_628_p1", 1 0, L_00000237483b1070;  1 drivers
v0000023748341ee0_0 .net "trunc_ln63_fu_677_p1", 2 0, L_00000237483b0990;  1 drivers
v00000237483402c0_0 .net "trunc_ln75_fu_745_p1", 1 0, L_00000237483b11b0;  1 drivers
v0000023748340400_0 .var/s "valA_reg_907", 31 0;
v0000023748340b80_0 .net "zext_ln39_fu_613_p1", 63 0, L_00000237483b0a30;  1 drivers
v0000023748340c20_0 .var "zext_ln39_reg_840", 63 0;
v0000023748340540_0 .net "zext_ln56_fu_632_p1", 63 0, L_00000237483af590;  1 drivers
v0000023748340680_0 .var "zext_ln56_reg_861", 63 0;
v0000023748340720_0 .net "zext_ln66_fu_681_p1", 63 0, L_00000237483b02b0;  1 drivers
v0000023748340860_0 .net "zext_ln67_fu_692_p1", 63 0, L_00000237483af770;  1 drivers
E_00000237482bebe0/0 .event anyedge, v000002374833ecf0_0, v000002374833f830_0, v0000023748341a80_0, v000002374833e250_0;
E_00000237482bebe0/1 .event anyedge, v0000023748341c60_0, v000002374833f150_0, v0000023748342520_0, v000002374833f650_0;
E_00000237482bebe0/2 .event anyedge, v00000237483405e0_0, v000002374833f6f0_0, v0000023748340fe0_0, v000002374833ef70_0;
E_00000237482bebe0/3 .event anyedge, v00000237482abe60_0;
E_00000237482bebe0 .event/or E_00000237482bebe0/0, E_00000237482bebe0/1, E_00000237482bebe0/2, E_00000237482bebe0/3;
E_00000237482bee20 .event anyedge, v000002374833e250_0, v0000023748341c60_0;
E_00000237482be560 .event anyedge, v000002374833ec50_0, v00000237483402c0_0, v00000237482da590_0, v000002374833da30_0;
E_00000237482be660 .event anyedge, v000002374833ec50_0, v00000237483402c0_0, v000002374833da30_0, v00000237482d99b0_0;
E_00000237482bf260 .event anyedge, v000002374833ec50_0, v00000237483402c0_0, v000002374833da30_0, v00000237482d92d0_0;
E_00000237482bede0 .event anyedge, v000002374833ec50_0, v00000237483402c0_0, v000002374833da30_0, v00000237482da130_0;
E_00000237482be9a0 .event anyedge, v000002374833f830_0, v0000023748341a80_0;
E_00000237482bed20 .event anyedge, v0000023748341a80_0;
E_00000237482be620 .event anyedge, v00000237482abe60_0;
E_00000237482be820 .event anyedge, v000002374833e4d0_0, v000002374833f830_0, v0000023748341a80_0;
E_00000237482be6e0 .event anyedge, v000002374833e4d0_0, v000002374813b7e0_0, v000002374833f830_0;
E_00000237482be5a0 .event anyedge, v000002374833e4d0_0, v0000023748340680_0, v000002374833f830_0;
E_00000237482bf0a0 .event anyedge, v000002374833e610_0;
E_00000237482bee60 .event anyedge, v000002374833f150_0;
E_00000237482bf020 .event anyedge, v000002374833f6f0_0;
E_00000237482bea20 .event anyedge, v000002374833f650_0;
L_0000023748347e20 .part v0000023748341080_0, 0, 3;
L_00000237483476a0 .part v000002374833ff00_0, 0, 3;
L_0000023748347ec0 .part v0000023748341080_0, 0, 3;
L_0000023748347420 .part v000002374833ff00_0, 0, 3;
L_0000023748347f60 .part L_00000237483af590, 0, 3;
L_0000023748348140 .part v0000023748340c20_0, 0, 3;
L_0000023748347ce0 .part L_00000237483af770, 0, 3;
L_0000023748347740 .part L_00000237483b02b0, 0, 3;
L_0000023748347920 .arith/sum 32, v00000237483400e0_0, L_0000023748349608;
L_0000023748347380 .arith/sum 32, v00000237483413a0_0, L_0000023748349650;
L_0000023748348000 .arith/sum 64, v0000023748341080_0, L_0000023748349698;
L_00000237483480a0 .arith/sum 3, L_00000237483b0990, L_00000237483496e0;
L_00000237483481e0 .arith/sum 64, v000002374833ff00_0, L_0000023748349728;
L_0000023748348320 .arith/sum 32, L_00000237483a56d0, L_0000023748346ca0;
L_0000023748347d80 .part v000002374833ecf0_0, 0, 1;
L_00000237483483c0 .part v000002374833ecf0_0, 9, 1;
L_0000023748347600 .part v000002374833ecf0_0, 10, 1;
L_0000023748347a60 .part v000002374833ecf0_0, 11, 1;
L_0000023748346de0 .part v000002374833ecf0_0, 1, 1;
L_0000023748346e80 .part v000002374833ecf0_0, 2, 1;
L_0000023748346fc0 .part v000002374833ecf0_0, 3, 1;
L_0000023748346f20 .part v000002374833ecf0_0, 4, 1;
L_0000023748347060 .part v000002374833ecf0_0, 5, 1;
L_0000023748347100 .part v000002374833ecf0_0, 6, 1;
L_00000237483471a0 .part v000002374833ecf0_0, 7, 1;
L_0000023748347240 .part v000002374833ecf0_0, 8, 1;
L_00000237483477e0 .cmp/eq 32, v00000237483413a0_0, v0000023748345260_0;
L_0000023748347880 .functor MUXZ 1, L_0000023748349848, L_0000023748349800, L_00000237483477e0, C4<>;
L_00000237483479c0 .cmp/eq 32, v00000237483400e0_0, v00000237483434c0_0;
L_00000237483b0210 .functor MUXZ 1, L_00000237483498d8, L_0000023748349890, L_00000237483479c0, C4<>;
L_00000237483aed70 .cmp/gt.s 64, v0000023748341580_0, v0000023748341080_0;
L_00000237483b0df0 .functor MUXZ 1, L_0000023748349968, L_0000023748349920, L_00000237483aed70, C4<>;
L_00000237483b1110 .cmp/gt.s 64, v0000023748341da0_0, v000002374833ff00_0;
L_00000237483afdb0 .functor MUXZ 1, L_00000237483499f8, L_00000237483499b0, L_00000237483b1110, C4<>;
L_00000237483b0c10 .extend/s 64, L_00000237482a8d40;
L_00000237483b0850 .extend/s 64, o00000237482ee4a8;
L_00000237483b0b70 .extend/s 64, L_00000237482a8e90;
L_00000237483af810 .extend/s 64, o00000237482ee5c8;
L_00000237483b1070 .part v00000237483400e0_0, 0, 2;
L_00000237483b0990 .part L_00000237482a8950, 0, 3;
L_00000237483b11b0 .part L_00000237482a9d00, 0, 2;
L_00000237483b0a30 .concat [ 32 32 0 0], v00000237483413a0_0, L_0000023748349a40;
L_00000237483af590 .concat [ 32 32 0 0], v000002374833f470_0, L_0000023748349a88;
L_00000237483b02b0 .concat [ 32 32 0 0], L_00000237482a8950, L_0000023748349ad0;
L_00000237483af770 .concat [ 3 61 0 0], L_00000237483480a0, L_0000023748349b18;
S_0000023748175d50 .scope module, "grp_spmm_csr_Pipeline_VITIS_LOOP_80_2_fu_558" "spmm_csr_spmm_csr_Pipeline_VITIS_LOOP_80_2" 3 254, 4 10 0, S_00000237481fe3b0;
 .timescale -9 -12;
    .port_info 0 /INPUT 1 "ap_clk";
    .port_info 1 /INPUT 1 "ap_rst";
    .port_info 2 /INPUT 1 "ap_start";
    .port_info 3 /OUTPUT 1 "ap_done";
    .port_info 4 /OUTPUT 1 "ap_idle";
    .port_info 5 /OUTPUT 1 "ap_ready";
    .port_info 6 /INPUT 32 "idxempty";
    .port_info 7 /INPUT 32 "ColB";
    .port_info 8 /INPUT 32 "add2453_lcssa66";
    .port_info 9 /INPUT 32 "add2456_lcssa69";
    .port_info 10 /INPUT 32 "add2459_lcssa72";
    .port_info 11 /INPUT 32 "add2462_lcssa75";
    .port_info 12 /OUTPUT 4 "CIC_address0";
    .port_info 13 /OUTPUT 1 "CIC_ce0";
    .port_info 14 /OUTPUT 1 "CIC_we0";
    .port_info 15 /OUTPUT 32 "CIC_d0";
    .port_info 16 /OUTPUT 4 "NVC_address0";
    .port_info 17 /OUTPUT 1 "NVC_ce0";
    .port_info 18 /OUTPUT 1 "NVC_we0";
    .port_info 19 /OUTPUT 32 "NVC_d0";
    .port_info 20 /OUTPUT 32 "idxempty_1_out";
    .port_info 21 /OUTPUT 1 "idxempty_1_out_ap_vld";
P_00000237482bf220 .param/l "ap_ST_fsm_pp0_stage0" 0 4 35, C4<1>;
L_00000237482aa1d0 .functor BUFZ 32, v000002374813caa0_0, C4<00000000000000000000000000000000>, C4<00000000000000000000000000000000>, C4<00000000000000000000000000000000>;
L_00000237482aa240 .functor BUFZ 32, L_00000237482a9360, C4<00000000000000000000000000000000>, C4<00000000000000000000000000000000>, C4<00000000000000000000000000000000>;
L_00000237482aa2b0 .functor BUFZ 1, v0000023748137090_0, C4<0>, C4<0>, C4<0>;
L_0000023748348f48 .functor BUFT 1, C4<1>, C4<0>, C4<0>, C4<0>;
L_00000237482aa320 .functor XOR 1, v000002374813b560_0, L_0000023748348f48, C4<0>, C4<0>;
L_00000237482aa080 .functor BUFZ 1, L_00000237482aa010, C4<0>, C4<0>, C4<0>;
L_000002374821e210 .functor BUFZ 1, v000002374813ca00_0, C4<0>, C4<0>, C4<0>;
L_000002374821e050 .functor BUFZ 32, v000002374813b1a0_0, C4<00000000000000000000000000000000>, C4<00000000000000000000000000000000>, C4<00000000000000000000000000000000>;
v0000023748138350_0 .net "CIC_address0", 3 0, L_0000023748346020;  alias, 1 drivers
v00000237481378b0_0 .var "CIC_ce0", 0 0;
v00000237481383f0_0 .net "CIC_d0", 31 0, L_00000237482aa1d0;  alias, 1 drivers
v00000237481373b0_0 .var "CIC_we0", 0 0;
v0000023748136f50_0 .net "ColB", 31 0, v00000237483434c0_0;  alias, 1 drivers
v0000023748138670_0 .net "NVC_address0", 3 0, L_0000023748344d60;  alias, 1 drivers
v0000023748137450_0 .var "NVC_ce0", 0 0;
v00000237481380d0_0 .net "NVC_d0", 31 0, L_00000237482aa240;  alias, 1 drivers
v0000023748136cd0_0 .var "NVC_we0", 0 0;
v0000023748137950_0 .net/2u *"_ivl_26", 0 0, L_0000023748348f48;  1 drivers
v0000023748138170_0 .net *"_ivl_34", 0 0, L_0000023748346160;  1 drivers
L_0000023748348f90 .functor BUFT 1, C4<1>, C4<0>, C4<0>, C4<0>;
v00000237481374f0_0 .net/2u *"_ivl_36", 0 0, L_0000023748348f90;  1 drivers
L_0000023748348fd8 .functor BUFT 1, C4<0>, C4<0>, C4<0>, C4<0>;
v0000023748137310_0 .net/2u *"_ivl_38", 0 0, L_0000023748348fd8;  1 drivers
L_0000023748349020 .functor BUFT 1, C4<00000000000000000000000000000000>, C4<0>, C4<0>, C4<0>;
v00000237481379f0_0 .net/2u *"_ivl_42", 31 0, L_0000023748349020;  1 drivers
v0000023748138210_0 .net *"_ivl_44", 0 0, L_0000023748346700;  1 drivers
L_0000023748349068 .functor BUFT 1, C4<1>, C4<0>, C4<0>, C4<0>;
v0000023748138710_0 .net/2u *"_ivl_46", 0 0, L_0000023748349068;  1 drivers
L_00000237483490b0 .functor BUFT 1, C4<0>, C4<0>, C4<0>, C4<0>;
v0000023748137a90_0 .net/2u *"_ivl_48", 0 0, L_00000237483490b0;  1 drivers
L_00000237483490f8 .functor BUFT 1, C4<00000000000000000000000000000001>, C4<0>, C4<0>, C4<0>;
v0000023748137b30_0 .net/2u *"_ivl_54", 31 0, L_00000237483490f8;  1 drivers
L_0000023748349140 .functor BUFT 1, C4<00000000000000000000000000000000>, C4<0>, C4<0>, C4<0>;
v0000023748137c70_0 .net *"_ivl_61", 31 0, L_0000023748349140;  1 drivers
L_0000023748348d50 .functor BUFT 1, C4<00000000000000000000000000000001>, C4<0>, C4<0>, C4<0>;
v00000237481369b0_0 .net/2u *"_ivl_8", 31 0, L_0000023748348d50;  1 drivers
v0000023748136d70_0 .net "add2453_lcssa66", 31 0, v000002374833f1f0_0;  1 drivers
v0000023748136c30_0 .net "add2456_lcssa69", 31 0, v000002374833f0b0_0;  1 drivers
v0000023748136e10_0 .net "add2459_lcssa72", 31 0, v000002374833ebb0_0;  1 drivers
v0000023748136ff0_0 .net "add2462_lcssa75", 31 0, v000002374833f510_0;  1 drivers
v0000023748137630_0 .net "add_ln80_fu_142_p2", 31 0, L_0000023748346c00;  1 drivers
v0000023748137090_0 .var "ap_CS_fsm", 0 0;
v0000023748137130_0 .net "ap_CS_fsm_pp0_stage0", 0 0, L_00000237482aa2b0;  1 drivers
v00000237481371d0_0 .var "ap_NS_fsm", 0 0;
L_0000023748348d98 .functor BUFT 1, C4<0>, C4<0>, C4<0>, C4<0>;
v0000023748137590_0 .net "ap_block_pp0_stage0", 0 0, L_0000023748348d98;  1 drivers
L_0000023748348de0 .functor BUFT 1, C4<0>, C4<0>, C4<0>, C4<0>;
v000002374813ad40_0 .net "ap_block_pp0_stage0_01001", 0 0, L_0000023748348de0;  1 drivers
L_0000023748348e28 .functor BUFT 1, C4<0>, C4<0>, C4<0>, C4<0>;
v000002374813b740_0 .net "ap_block_pp0_stage0_11001", 0 0, L_0000023748348e28;  1 drivers
L_0000023748348e70 .functor BUFT 1, C4<0>, C4<0>, C4<0>, C4<0>;
v000002374813c6e0_0 .net "ap_block_pp0_stage0_subdone", 0 0, L_0000023748348e70;  1 drivers
L_0000023748348eb8 .functor BUFT 1, C4<0>, C4<0>, C4<0>, C4<0>;
v000002374813aca0_0 .net "ap_block_state1_pp0_stage0_iter0", 0 0, L_0000023748348eb8;  1 drivers
L_0000023748348f00 .functor BUFT 1, C4<0>, C4<0>, C4<0>, C4<0>;
v000002374813c820_0 .net "ap_block_state2_pp0_stage0_iter1", 0 0, L_0000023748348f00;  1 drivers
v000002374813afc0_0 .net "ap_clk", 0 0, v0000023748346980_0;  alias, 1 drivers
v000002374813c960_0 .var "ap_condition_182", 0 0;
v000002374813ca00_0 .var "ap_condition_exit_pp0_iter1_stage0", 0 0;
L_0000023748348d08 .functor BUFT 1, C4<1>, C4<0>, C4<0>, C4<0>;
v000002374813c1e0_0 .net "ap_continue_int", 0 0, L_0000023748348d08;  1 drivers
v000002374813bce0_0 .net "ap_done", 0 0, v00000237482abe60_0;  alias, 1 drivers
v000002374813b420_0 .var "ap_done_int", 0 0;
v000002374813c780_0 .var "ap_done_reg", 0 0;
v000002374813b9c0_0 .net "ap_enable_pp0", 0 0, L_00000237482aa320;  1 drivers
v000002374813bd80_0 .net "ap_enable_reg_pp0_iter0", 0 0, L_00000237482aa080;  1 drivers
v000002374813c280_0 .var "ap_enable_reg_pp0_iter1", 0 0;
v000002374813b060_0 .var "ap_idle", 0 0;
v000002374813b560_0 .var "ap_idle_pp0", 0 0;
v000002374813b2e0_0 .net "ap_loop_exit_ready", 0 0, L_000002374821e210;  1 drivers
v000002374813cb40_0 .net "ap_loop_init", 0 0, L_00000237482aa160;  1 drivers
v000002374813c8c0_0 .net "ap_ready", 0 0, L_00000237482aa0f0;  alias, 1 drivers
v000002374813c140_0 .var "ap_ready_int", 0 0;
v000002374813b880_0 .net "ap_rst", 0 0, v0000023748346ac0_0;  alias, 1 drivers
v000002374813c320_0 .net "ap_start", 0 0, v00000237483409a0_0;  alias, 1 drivers
v000002374813b100_0 .net "ap_start_int", 0 0, L_00000237482aa010;  1 drivers
v000002374813caa0_0 .var "c_fu_46", 31 0;
v000002374813c0a0_0 .net "icmp_ln80_fu_137_p2", 0 0, L_00000237483460c0;  1 drivers
v000002374813b380_0 .net "icmp_ln81_fu_159_p2", 0 0, L_0000023748345940;  1 drivers
v000002374813b4c0_0 .net "idxempty", 31 0, v0000023748341440_0;  1 drivers
v000002374813b1a0_0 .var "idxempty_1_fu_50", 31 0;
v000002374813b7e0_0 .net "idxempty_1_out", 31 0, L_000002374821e050;  alias, 1 drivers
v000002374813c500_0 .var "idxempty_1_out_ap_vld", 0 0;
v000002374813ade0_0 .net "idxempty_2_fu_174_p2", 31 0, L_0000023748346200;  1 drivers
v000002374813ae80_0 .net "tmp_1_fu_148_p6", 31 0, L_00000237482a9360;  1 drivers
v000002374813c5a0_0 .net "zext_ln82_fu_168_p1", 63 0, L_0000023748346840;  1 drivers
E_00000237482be860 .event anyedge, v000002374813b380_0, v000002374813c0a0_0, v000002374813c280_0;
E_00000237482bf160 .event anyedge, v0000023748137090_0;
E_00000237482bf2a0 .event anyedge, v000002374813c0a0_0, v000002374813b740_0, v0000023748137130_0;
E_00000237482bea60 .event anyedge, v000002374813c6e0_0, v000002374813bd80_0, v0000023748137130_0;
E_00000237482be8a0 .event anyedge, v000002374813c280_0, v000002374813bd80_0;
E_00000237482bec20 .event anyedge, v000002374813b560_0, v0000023748137130_0, v00000237482abc80_0;
E_00000237482bf2e0 .event anyedge, v000002374813b2e0_0, v000002374813c6e0_0, v0000023748137130_0, v000002374813c780_0;
E_00000237482befe0 .event anyedge, v000002374813c0a0_0, v000002374813c6e0_0, v000002374813c280_0, v0000023748137130_0;
E_00000237482be6a0/0 .event anyedge, v000002374813b380_0, v000002374813c0a0_0, v000002374813b740_0, v000002374813c280_0;
E_00000237482be6a0/1 .event anyedge, v0000023748137130_0;
E_00000237482be6a0 .event/or E_00000237482be6a0/0, E_00000237482be6a0/1;
E_00000237482be9e0 .event anyedge, v000002374813b740_0, v000002374813c280_0, v0000023748137130_0;
L_0000023748346020 .part L_0000023748346840, 0, 4;
L_0000023748344d60 .part L_0000023748346840, 0, 4;
L_0000023748346c00 .arith/sum 32, v000002374813caa0_0, L_0000023748348d50;
L_0000023748346160 .cmp/eq 32, v000002374813caa0_0, v00000237483434c0_0;
L_00000237483460c0 .functor MUXZ 1, L_0000023748348fd8, L_0000023748348f90, L_0000023748346160, C4<>;
L_0000023748346700 .cmp/eq 32, L_00000237482a9360, L_0000023748349020;
L_0000023748345940 .functor MUXZ 1, L_00000237483490b0, L_0000023748349068, L_0000023748346700, C4<>;
L_0000023748346200 .arith/sum 32, v000002374813b1a0_0, L_00000237483490f8;
L_0000023748346840 .concat [ 32 32 0 0], v000002374813b1a0_0, L_0000023748349140;
S_0000023748175ee0 .scope module, "flow_control_loop_pipe_sequential_init_U" "spmm_csr_flow_control_loop_pipe_sequential_init" 4 124, 5 8 0, S_0000023748175d50;
 .timescale -9 -12;
    .port_info 0 /INPUT 1 "ap_clk";
    .port_info 1 /INPUT 1 "ap_rst";
    .port_info 2 /INPUT 1 "ap_start";
    .port_info 3 /OUTPUT 1 "ap_ready";
    .port_info 4 /OUTPUT 1 "ap_done";
    .port_info 5 /OUTPUT 1 "ap_start_int";
    .port_info 6 /INPUT 1 "ap_ready_int";
    .port_info 7 /INPUT 1 "ap_done_int";
    .port_info 8 /OUTPUT 1 "ap_continue_int";
    .port_info 9 /OUTPUT 1 "ap_loop_init";
    .port_info 10 /INPUT 1 "ap_loop_exit_ready";
    .port_info 11 /INPUT 1 "ap_loop_exit_done";
L_00000237482aa010 .functor BUFZ 1, v00000237483409a0_0, C4<0>, C4<0>, C4<0>;
L_00000237482aa0f0 .functor BUFZ 1, v000002374813ca00_0, C4<0>, C4<0>, C4<0>;
L_00000237482aa160 .functor AND 1, v00000237482ab3c0_0, v00000237483409a0_0, C4<1>, C4<1>;
v00000237482aa880_0 .net "ap_clk", 0 0, v0000023748346980_0;  alias, 1 drivers
v00000237482aaec0_0 .net "ap_continue_int", 0 0, L_0000023748348d08;  alias, 1 drivers
v00000237482abe60_0 .var "ap_done", 0 0;
v00000237482aace0_0 .var "ap_done_cache", 0 0;
v00000237482aa920_0 .net "ap_done_int", 0 0, v000002374813b420_0;  1 drivers
v00000237482aba00_0 .net "ap_loop_exit_done", 0 0, v000002374813b420_0;  alias, 1 drivers
v00000237482abbe0_0 .net "ap_loop_exit_ready", 0 0, v000002374813ca00_0;  1 drivers
v00000237482aa9c0_0 .net "ap_loop_init", 0 0, L_00000237482aa160;  alias, 1 drivers
v00000237482ab3c0_0 .var "ap_loop_init_int", 0 0;
v00000237482aa420_0 .net "ap_ready", 0 0, L_00000237482aa0f0;  alias, 1 drivers
v00000237482ab000_0 .net "ap_ready_int", 0 0, v000002374813c140_0;  1 drivers
v00000237482aa4c0_0 .net "ap_rst", 0 0, v0000023748346ac0_0;  alias, 1 drivers
v00000237482ab820_0 .net "ap_start", 0 0, v00000237483409a0_0;  alias, 1 drivers
v00000237482abc80_0 .net "ap_start_int", 0 0, L_00000237482aa010;  alias, 1 drivers
E_00000237482beaa0 .event anyedge, v00000237482aa920_0, v00000237482aace0_0, v00000237482abc80_0;
E_00000237482bf420 .event posedge, v00000237482aa880_0;
S_00000237481740b0 .scope module, "mux_432_32_1_1_U1" "spmm_csr_mux_432_32_1_1" 4 115, 6 8 0, S_0000023748175d50;
 .timescale -9 -12;
    .port_info 0 /INPUT 32 "din0";
    .port_info 1 /INPUT 32 "din1";
    .port_info 2 /INPUT 32 "din2";
    .port_info 3 /INPUT 32 "din3";
    .port_info 4 /INPUT 32 "din4";
    .port_info 5 /OUTPUT 32 "dout";
P_0000023748174240 .param/l "ID" 0 6 10, +C4<00000000000000000000000000000001>;
P_0000023748174278 .param/l "NUM_STAGE" 0 6 11, +C4<00000000000000000000000000000001>;
P_00000237481742b0 .param/l "din0_WIDTH" 0 6 12, +C4<00000000000000000000000000100000>;
P_00000237481742e8 .param/l "din1_WIDTH" 0 6 13, +C4<00000000000000000000000000100000>;
P_0000023748174320 .param/l "din2_WIDTH" 0 6 14, +C4<00000000000000000000000000100000>;
P_0000023748174358 .param/l "din3_WIDTH" 0 6 15, +C4<00000000000000000000000000100000>;
P_0000023748174390 .param/l "din4_WIDTH" 0 6 16, +C4<00000000000000000000000000100000>;
P_00000237481743c8 .param/l "dout_WIDTH" 0 6 17, +C4<00000000000000000000000000100000>;
L_00000237482a8480 .functor BUFZ 32, v000002374813caa0_0, C4<00000000000000000000000000000000>, C4<00000000000000000000000000000000>, C4<00000000000000000000000000000000>;
L_00000237482a8f00 .functor BUFZ 32, L_0000023748345da0, C4<00000000000000000000000000000000>, C4<00000000000000000000000000000000>, C4<00000000000000000000000000000000>;
L_00000237482a8fe0 .functor BUFZ 32, L_00000237482a8f00, C4<00000000000000000000000000000000>, C4<00000000000000000000000000000000>, C4<00000000000000000000000000000000>;
L_00000237482a9590 .functor BUFZ 32, L_00000237482a8fe0, C4<00000000000000000000000000000000>, C4<00000000000000000000000000000000>, C4<00000000000000000000000000000000>;
L_00000237482a9600 .functor BUFZ 32, L_00000237482a9590, C4<00000000000000000000000000000000>, C4<00000000000000000000000000000000>, C4<00000000000000000000000000000000>;
L_00000237482a89c0 .functor BUFZ 32, L_00000237482a9600, C4<00000000000000000000000000000000>, C4<00000000000000000000000000000000>, C4<00000000000000000000000000000000>;
L_00000237482a8800 .functor BUFZ 32, L_00000237482a89c0, C4<00000000000000000000000000000000>, C4<00000000000000000000000000000000>, C4<00000000000000000000000000000000>;
L_00000237482a8f70 .functor BUFZ 32, L_00000237482a8800, C4<00000000000000000000000000000000>, C4<00000000000000000000000000000000>, C4<00000000000000000000000000000000>;
L_00000237482a8870 .functor BUFZ 32, L_00000237482a8f70, C4<00000000000000000000000000000000>, C4<00000000000000000000000000000000>, C4<00000000000000000000000000000000>;
L_00000237482a9050 .functor BUFZ 32, L_00000237482a8870, C4<00000000000000000000000000000000>, C4<00000000000000000000000000000000>, C4<00000000000000000000000000000000>;
L_00000237482a9a60 .functor BUFZ 32, L_00000237482a9050, C4<00000000000000000000000000000000>, C4<00000000000000000000000000000000>, C4<00000000000000000000000000000000>;
L_00000237482a90c0 .functor BUFZ 32, L_00000237482a9a60, C4<00000000000000000000000000000000>, C4<00000000000000000000000000000000>, C4<00000000000000000000000000000000>;
L_00000237482a9670 .functor BUFZ 32, L_00000237482a90c0, C4<00000000000000000000000000000000>, C4<00000000000000000000000000000000>, C4<00000000000000000000000000000000>;
L_00000237482a91a0 .functor BUFZ 32, L_00000237482a9670, C4<00000000000000000000000000000000>, C4<00000000000000000000000000000000>, C4<00000000000000000000000000000000>;
L_00000237482a8a30 .functor BUFZ 32, L_00000237482a91a0, C4<00000000000000000000000000000000>, C4<00000000000000000000000000000000>, C4<00000000000000000000000000000000>;
L_00000237482a8b10 .functor BUFZ 32, L_00000237482a8a30, C4<00000000000000000000000000000000>, C4<00000000000000000000000000000000>, C4<00000000000000000000000000000000>;
L_00000237482a9e50 .functor BUFZ 32, L_00000237482a8b10, C4<00000000000000000000000000000000>, C4<00000000000000000000000000000000>, C4<00000000000000000000000000000000>;
L_00000237482a9d70 .functor BUFZ 32, L_00000237482a9e50, C4<00000000000000000000000000000000>, C4<00000000000000000000000000000000>, C4<00000000000000000000000000000000>;
L_00000237482a8b80 .functor BUFZ 32, L_00000237482a9d70, C4<00000000000000000000000000000000>, C4<00000000000000000000000000000000>, C4<00000000000000000000000000000000>;
L_00000237482a98a0 .functor BUFZ 32, L_00000237482a8b80, C4<00000000000000000000000000000000>, C4<00000000000000000000000000000000>, C4<00000000000000000000000000000000>;
L_00000237482a96e0 .functor BUFZ 32, L_00000237482a98a0, C4<00000000000000000000000000000000>, C4<00000000000000000000000000000000>, C4<00000000000000000000000000000000>;
L_00000237482a9b40 .functor BUFZ 32, L_00000237482a96e0, C4<00000000000000000000000000000000>, C4<00000000000000000000000000000000>, C4<00000000000000000000000000000000>;
L_00000237482a8c60 .functor BUFZ 32, L_00000237482a9b40, C4<00000000000000000000000000000000>, C4<00000000000000000000000000000000>, C4<00000000000000000000000000000000>;
L_00000237482a92f0 .functor BUFZ 32, L_00000237482a8c60, C4<00000000000000000000000000000000>, C4<00000000000000000000000000000000>, C4<00000000000000000000000000000000>;
L_00000237482a9910 .functor BUFZ 32, L_00000237482a92f0, C4<00000000000000000000000000000000>, C4<00000000000000000000000000000000>, C4<00000000000000000000000000000000>;
L_00000237482a9fa0 .functor BUFZ 32, L_00000237482a9910, C4<00000000000000000000000000000000>, C4<00000000000000000000000000000000>, C4<00000000000000000000000000000000>;
L_00000237482a9980 .functor BUFZ 32, L_00000237482a9fa0, C4<00000000000000000000000000000000>, C4<00000000000000000000000000000000>, C4<00000000000000000000000000000000>;
L_00000237482a8bf0 .functor BUFZ 32, L_00000237482a9980, C4<00000000000000000000000000000000>, C4<00000000000000000000000000000000>, C4<00000000000000000000000000000000>;
L_00000237482a8cd0 .functor BUFZ 32, L_00000237482a8bf0, C4<00000000000000000000000000000000>, C4<00000000000000000000000000000000>, C4<00000000000000000000000000000000>;
L_00000237482a9130 .functor BUFZ 32, L_00000237482a8cd0, C4<00000000000000000000000000000000>, C4<00000000000000000000000000000000>, C4<00000000000000000000000000000000>;
L_00000237482a9210 .functor BUFZ 32, L_00000237482a9130, C4<00000000000000000000000000000000>, C4<00000000000000000000000000000000>, C4<00000000000000000000000000000000>;
L_00000237482a9360 .functor BUFZ 32, L_00000237482a9210, C4<00000000000000000000000000000000>, C4<00000000000000000000000000000000>, C4<00000000000000000000000000000000>;
v00000237482ac040_0 .net *"_ivl_10", 0 0, L_0000023748344f40;  1 drivers
v00000237482aae20_0 .net *"_ivl_15", 0 0, L_00000237483465c0;  1 drivers
v00000237482aa6a0_0 .net *"_ivl_16", 31 0, L_00000237483458a0;  1 drivers
L_0000023748348be8 .functor BUFT 1, C4<0000000000000000000000000000000>, C4<0>, C4<0>, C4<0>;
v00000237482aa560_0 .net *"_ivl_19", 30 0, L_0000023748348be8;  1 drivers
L_0000023748348c30 .functor BUFT 1, C4<00000000000000000000000000000000>, C4<0>, C4<0>, C4<0>;
v00000237482ab640_0 .net/2u *"_ivl_20", 31 0, L_0000023748348c30;  1 drivers
v00000237482abf00_0 .net *"_ivl_22", 0 0, L_0000023748344860;  1 drivers
v00000237482aad80_0 .net *"_ivl_27", 0 0, L_0000023748345f80;  1 drivers
v00000237482abd20_0 .net *"_ivl_28", 31 0, L_0000023748345a80;  1 drivers
v00000237482ab6e0_0 .net *"_ivl_3", 0 0, L_0000023748345b20;  1 drivers
L_0000023748348c78 .functor BUFT 1, C4<0000000000000000000000000000000>, C4<0>, C4<0>, C4<0>;
v00000237482ac180_0 .net *"_ivl_31", 30 0, L_0000023748348c78;  1 drivers
L_0000023748348cc0 .functor BUFT 1, C4<00000000000000000000000000000000>, C4<0>, C4<0>, C4<0>;
v00000237482ab1e0_0 .net/2u *"_ivl_32", 31 0, L_0000023748348cc0;  1 drivers
v00000237482ab460_0 .net *"_ivl_34", 0 0, L_00000237483456c0;  1 drivers
v00000237482ac220_0 .net *"_ivl_4", 31 0, L_0000023748346520;  1 drivers
L_0000023748348b58 .functor BUFT 1, C4<0000000000000000000000000000000>, C4<0>, C4<0>, C4<0>;
v00000237482ac2c0_0 .net *"_ivl_7", 30 0, L_0000023748348b58;  1 drivers
L_0000023748348ba0 .functor BUFT 1, C4<00000000000000000000000000000000>, C4<0>, C4<0>, C4<0>;
v00000237482aa600_0 .net/2u *"_ivl_8", 31 0, L_0000023748348ba0;  1 drivers
v00000237482aa740_0 .net "din0", 31 0, v000002374833f1f0_0;  alias, 1 drivers
v00000237482aaa60_0 .net "din1", 31 0, v000002374833f0b0_0;  alias, 1 drivers
v00000237482ab280_0 .net "din2", 31 0, v000002374833ebb0_0;  alias, 1 drivers
v00000237482ab320_0 .net "din3", 31 0, v000002374833f510_0;  alias, 1 drivers
v0000023748264600_0 .net "din4", 31 0, v000002374813caa0_0;  1 drivers
v0000023748265dc0_0 .net "dout", 31 0, L_00000237482a9360;  alias, 1 drivers
v0000023748265640_0 .net "mux_10_0", 31 0, L_00000237482a8870;  1 drivers
v0000023748265780_0 .net "mux_11_0", 31 0, L_00000237482a9050;  1 drivers
v00000237482658c0_0 .net "mux_12_0", 31 0, L_00000237482a9a60;  1 drivers
v0000023748265960_0 .net "mux_13_0", 31 0, L_00000237482a90c0;  1 drivers
v0000023748265e60_0 .net "mux_14_0", 31 0, L_00000237482a9670;  1 drivers
v0000023748283640_0 .net "mux_15_0", 31 0, L_00000237482a91a0;  1 drivers
v0000023748283780_0 .net "mux_16_0", 31 0, L_00000237482a8a30;  1 drivers
v0000023748284220_0 .net "mux_17_0", 31 0, L_00000237482a8b10;  1 drivers
v0000023748282920_0 .net "mux_18_0", 31 0, L_00000237482a9e50;  1 drivers
v0000023748283820_0 .net "mux_19_0", 31 0, L_00000237482a9d70;  1 drivers
v0000023748283960_0 .net "mux_1_0", 31 0, L_0000023748346b60;  1 drivers
v0000023748283a00_0 .net "mux_1_1", 31 0, L_0000023748344b80;  1 drivers
v0000023748254450_0 .net "mux_20_0", 31 0, L_00000237482a8b80;  1 drivers
v0000023748137bd0_0 .net "mux_21_0", 31 0, L_00000237482a98a0;  1 drivers
v00000237481376d0_0 .net "mux_22_0", 31 0, L_00000237482a96e0;  1 drivers
v0000023748136870_0 .net "mux_23_0", 31 0, L_00000237482a9b40;  1 drivers
v00000237481382b0_0 .net "mux_24_0", 31 0, L_00000237482a8c60;  1 drivers
v0000023748138490_0 .net "mux_25_0", 31 0, L_00000237482a92f0;  1 drivers
v0000023748136a50_0 .net "mux_26_0", 31 0, L_00000237482a9910;  1 drivers
v0000023748137d10_0 .net "mux_27_0", 31 0, L_00000237482a9fa0;  1 drivers
v0000023748136af0_0 .net "mux_28_0", 31 0, L_00000237482a9980;  1 drivers
v0000023748137e50_0 .net "mux_29_0", 31 0, L_00000237482a8bf0;  1 drivers
v0000023748137db0_0 .net "mux_2_0", 31 0, L_0000023748345da0;  1 drivers
v0000023748137770_0 .net "mux_30_0", 31 0, L_00000237482a8cd0;  1 drivers
v0000023748136b90_0 .net "mux_31_0", 31 0, L_00000237482a9130;  1 drivers
v0000023748137ef0_0 .net "mux_32_0", 31 0, L_00000237482a9210;  1 drivers
v0000023748137810_0 .net "mux_3_0", 31 0, L_00000237482a8f00;  1 drivers
v0000023748137270_0 .net "mux_4_0", 31 0, L_00000237482a8fe0;  1 drivers
v0000023748137f90_0 .net "mux_5_0", 31 0, L_00000237482a9590;  1 drivers
v00000237481385d0_0 .net "mux_6_0", 31 0, L_00000237482a9600;  1 drivers
v0000023748138030_0 .net "mux_7_0", 31 0, L_00000237482a89c0;  1 drivers
v0000023748136910_0 .net "mux_8_0", 31 0, L_00000237482a8800;  1 drivers
v0000023748136eb0_0 .net "mux_9_0", 31 0, L_00000237482a8f70;  1 drivers
v0000023748138530_0 .net "sel", 31 0, L_00000237482a8480;  1 drivers
L_0000023748345b20 .part L_00000237482a8480, 0, 1;
L_0000023748346520 .concat [ 1 31 0 0], L_0000023748345b20, L_0000023748348b58;
L_0000023748344f40 .cmp/eq 32, L_0000023748346520, L_0000023748348ba0;
L_0000023748346b60 .functor MUXZ 32, v000002374833f0b0_0, v000002374833f1f0_0, L_0000023748344f40, C4<>;
L_00000237483465c0 .part L_00000237482a8480, 0, 1;
L_00000237483458a0 .concat [ 1 31 0 0], L_00000237483465c0, L_0000023748348be8;
L_0000023748344860 .cmp/eq 32, L_00000237483458a0, L_0000023748348c30;
L_0000023748344b80 .functor MUXZ 32, v000002374833f510_0, v000002374833ebb0_0, L_0000023748344860, C4<>;
L_0000023748345f80 .part L_00000237482a8480, 1, 1;
L_0000023748345a80 .concat [ 1 31 0 0], L_0000023748345f80, L_0000023748348c78;
L_00000237483456c0 .cmp/eq 32, L_0000023748345a80, L_0000023748348cc0;
L_0000023748345da0 .functor MUXZ 32, L_0000023748344b80, L_0000023748346b60, L_00000237483456c0, C4<>;
S_000002374818a420 .scope module, "mul_32s_32s_32_1_1_U12" "spmm_csr_mul_32s_32s_32_1_1" 3 285, 7 9 0, S_00000237481fe3b0;
 .timescale -9 -12;
    .port_info 0 /INPUT 32 "din0";
    .port_info 1 /INPUT 32 "din1";
    .port_info 2 /OUTPUT 32 "dout";
P_00000237482a6b90 .param/l "ID" 0 7 10, +C4<00000000000000000000000000000001>;
P_00000237482a6bc8 .param/l "NUM_STAGE" 0 7 11, +C4<00000000000000000000000000000001>;
P_00000237482a6c00 .param/l "din0_WIDTH" 0 7 12, +C4<00000000000000000000000000100000>;
P_00000237482a6c38 .param/l "din1_WIDTH" 0 7 13, +C4<00000000000000000000000000100000>;
P_00000237482a6c70 .param/l "dout_WIDTH" 0 7 14, +C4<00000000000000000000000000100000>;
v000002374813af20_0 .net "din0", 31 0, L_00000237482a8410;  alias, 1 drivers
v000002374813b240_0 .net "din1", 31 0, v0000023748340400_0;  1 drivers
v000002374813b600_0 .net "dout", 31 0, L_0000023748346ca0;  alias, 1 drivers
L_0000023748346ca0 .arith/mult 32, L_00000237482a8410, v0000023748340400_0;
S_000002374818a5b0 .scope module, "mux_432_32_1_1_U13" "spmm_csr_mux_432_32_1_1" 3 300, 6 8 0, S_00000237481fe3b0;
 .timescale -9 -12;
    .port_info 0 /INPUT 32 "din0";
    .port_info 1 /INPUT 32 "din1";
    .port_info 2 /INPUT 32 "din2";
    .port_info 3 /INPUT 32 "din3";
    .port_info 4 /INPUT 32 "din4";
    .port_info 5 /OUTPUT 32 "dout";
P_00000237482d90b0 .param/l "ID" 0 6 10, +C4<00000000000000000000000000000001>;
P_00000237482d90e8 .param/l "NUM_STAGE" 0 6 11, +C4<00000000000000000000000000000001>;
P_00000237482d9120 .param/l "din0_WIDTH" 0 6 12, +C4<00000000000000000000000000100000>;
P_00000237482d9158 .param/l "din1_WIDTH" 0 6 13, +C4<00000000000000000000000000100000>;
P_00000237482d9190 .param/l "din2_WIDTH" 0 6 14, +C4<00000000000000000000000000100000>;
P_00000237482d91c8 .param/l "din3_WIDTH" 0 6 15, +C4<00000000000000000000000000100000>;
P_00000237482d9200 .param/l "din4_WIDTH" 0 6 16, +C4<00000000000000000000000000100000>;
P_00000237482d9238 .param/l "dout_WIDTH" 0 6 17, +C4<00000000000000000000000000100000>;
L_000002374821dfe0 .functor BUFZ 32, L_00000237482a9d00, C4<00000000000000000000000000000000>, C4<00000000000000000000000000000000>, C4<00000000000000000000000000000000>;
L_000002374821e0c0 .functor BUFZ 32, L_0000023748348280, C4<00000000000000000000000000000000>, C4<00000000000000000000000000000000>, C4<00000000000000000000000000000000>;
L_000002374821e130 .functor BUFZ 32, L_000002374821e0c0, C4<00000000000000000000000000000000>, C4<00000000000000000000000000000000>, C4<00000000000000000000000000000000>;
L_000002374821c7d0 .functor BUFZ 32, L_000002374821e130, C4<00000000000000000000000000000000>, C4<00000000000000000000000000000000>, C4<00000000000000000000000000000000>;
L_000002374821c920 .functor BUFZ 32, L_000002374821c7d0, C4<00000000000000000000000000000000>, C4<00000000000000000000000000000000>, C4<00000000000000000000000000000000>;
L_000002374821c4c0 .functor BUFZ 32, L_000002374821c920, C4<00000000000000000000000000000000>, C4<00000000000000000000000000000000>, C4<00000000000000000000000000000000>;
L_000002374821c990 .functor BUFZ 32, L_000002374821c4c0, C4<00000000000000000000000000000000>, C4<00000000000000000000000000000000>, C4<00000000000000000000000000000000>;
L_000002374821cca0 .functor BUFZ 32, L_000002374821c990, C4<00000000000000000000000000000000>, C4<00000000000000000000000000000000>, C4<00000000000000000000000000000000>;
L_000002374821d6b0 .functor BUFZ 32, L_000002374821cca0, C4<00000000000000000000000000000000>, C4<00000000000000000000000000000000>, C4<00000000000000000000000000000000>;
L_000002374821ca70 .functor BUFZ 32, L_000002374821d6b0, C4<00000000000000000000000000000000>, C4<00000000000000000000000000000000>, C4<00000000000000000000000000000000>;
L_000002374821cae0 .functor BUFZ 32, L_000002374821ca70, C4<00000000000000000000000000000000>, C4<00000000000000000000000000000000>, C4<00000000000000000000000000000000>;
L_000002374821cb50 .functor BUFZ 32, L_000002374821cae0, C4<00000000000000000000000000000000>, C4<00000000000000000000000000000000>, C4<00000000000000000000000000000000>;
L_00000237483a5b30 .functor BUFZ 32, L_000002374821cb50, C4<00000000000000000000000000000000>, C4<00000000000000000000000000000000>, C4<00000000000000000000000000000000>;
L_00000237483a5200 .functor BUFZ 32, L_00000237483a5b30, C4<00000000000000000000000000000000>, C4<00000000000000000000000000000000>, C4<00000000000000000000000000000000>;
L_00000237483a62a0 .functor BUFZ 32, L_00000237483a5200, C4<00000000000000000000000000000000>, C4<00000000000000000000000000000000>, C4<00000000000000000000000000000000>;
L_00000237483a5270 .functor BUFZ 32, L_00000237483a62a0, C4<00000000000000000000000000000000>, C4<00000000000000000000000000000000>, C4<00000000000000000000000000000000>;
L_00000237483a5d60 .functor BUFZ 32, L_00000237483a5270, C4<00000000000000000000000000000000>, C4<00000000000000000000000000000000>, C4<00000000000000000000000000000000>;
L_00000237483a5ac0 .functor BUFZ 32, L_00000237483a5d60, C4<00000000000000000000000000000000>, C4<00000000000000000000000000000000>, C4<00000000000000000000000000000000>;
L_00000237483a4f60 .functor BUFZ 32, L_00000237483a5ac0, C4<00000000000000000000000000000000>, C4<00000000000000000000000000000000>, C4<00000000000000000000000000000000>;
L_00000237483a6230 .functor BUFZ 32, L_00000237483a4f60, C4<00000000000000000000000000000000>, C4<00000000000000000000000000000000>, C4<00000000000000000000000000000000>;
L_00000237483a52e0 .functor BUFZ 32, L_00000237483a6230, C4<00000000000000000000000000000000>, C4<00000000000000000000000000000000>, C4<00000000000000000000000000000000>;
L_00000237483a5970 .functor BUFZ 32, L_00000237483a52e0, C4<00000000000000000000000000000000>, C4<00000000000000000000000000000000>, C4<00000000000000000000000000000000>;
L_00000237483a5ba0 .functor BUFZ 32, L_00000237483a5970, C4<00000000000000000000000000000000>, C4<00000000000000000000000000000000>, C4<00000000000000000000000000000000>;
L_00000237483a5510 .functor BUFZ 32, L_00000237483a5ba0, C4<00000000000000000000000000000000>, C4<00000000000000000000000000000000>, C4<00000000000000000000000000000000>;
L_00000237483a5350 .functor BUFZ 32, L_00000237483a5510, C4<00000000000000000000000000000000>, C4<00000000000000000000000000000000>, C4<00000000000000000000000000000000>;
L_00000237483a5e40 .functor BUFZ 32, L_00000237483a5350, C4<00000000000000000000000000000000>, C4<00000000000000000000000000000000>, C4<00000000000000000000000000000000>;
L_00000237483a63f0 .functor BUFZ 32, L_00000237483a5e40, C4<00000000000000000000000000000000>, C4<00000000000000000000000000000000>, C4<00000000000000000000000000000000>;
L_00000237483a4fd0 .functor BUFZ 32, L_00000237483a63f0, C4<00000000000000000000000000000000>, C4<00000000000000000000000000000000>, C4<00000000000000000000000000000000>;
L_00000237483a6310 .functor BUFZ 32, L_00000237483a4fd0, C4<00000000000000000000000000000000>, C4<00000000000000000000000000000000>, C4<00000000000000000000000000000000>;
L_00000237483a4a90 .functor BUFZ 32, L_00000237483a6310, C4<00000000000000000000000000000000>, C4<00000000000000000000000000000000>, C4<00000000000000000000000000000000>;
L_00000237483a4ef0 .functor BUFZ 32, L_00000237483a4a90, C4<00000000000000000000000000000000>, C4<00000000000000000000000000000000>, C4<00000000000000000000000000000000>;
L_00000237483a56d0 .functor BUFZ 32, L_00000237483a4ef0, C4<00000000000000000000000000000000>, C4<00000000000000000000000000000000>, C4<00000000000000000000000000000000>;
v000002374813c3c0_0 .net *"_ivl_10", 0 0, L_0000023748344e00;  1 drivers
v000002374813b6a0_0 .net *"_ivl_15", 0 0, L_0000023748347b00;  1 drivers
v000002374813b920_0 .net *"_ivl_16", 31 0, L_0000023748347560;  1 drivers
L_0000023748349218 .functor BUFT 1, C4<0000000000000000000000000000000>, C4<0>, C4<0>, C4<0>;
v000002374813ba60_0 .net *"_ivl_19", 30 0, L_0000023748349218;  1 drivers
L_0000023748349260 .functor BUFT 1, C4<00000000000000000000000000000000>, C4<0>, C4<0>, C4<0>;
v000002374813c460_0 .net/2u *"_ivl_20", 31 0, L_0000023748349260;  1 drivers
v000002374813bb00_0 .net *"_ivl_22", 0 0, L_00000237483474c0;  1 drivers
v000002374813c640_0 .net *"_ivl_27", 0 0, L_0000023748347ba0;  1 drivers
v000002374813bba0_0 .net *"_ivl_28", 31 0, L_0000023748347c40;  1 drivers
v000002374813bc40_0 .net *"_ivl_3", 0 0, L_0000023748344900;  1 drivers
L_00000237483492a8 .functor BUFT 1, C4<0000000000000000000000000000000>, C4<0>, C4<0>, C4<0>;
v000002374813be20_0 .net *"_ivl_31", 30 0, L_00000237483492a8;  1 drivers
L_00000237483492f0 .functor BUFT 1, C4<00000000000000000000000000000000>, C4<0>, C4<0>, C4<0>;
v000002374813bec0_0 .net/2u *"_ivl_32", 31 0, L_00000237483492f0;  1 drivers
v000002374813bf60_0 .net *"_ivl_34", 0 0, L_00000237483472e0;  1 drivers
v000002374813c000_0 .net *"_ivl_4", 31 0, L_0000023748344fe0;  1 drivers
L_0000023748349188 .functor BUFT 1, C4<0000000000000000000000000000000>, C4<0>, C4<0>, C4<0>;
v00000237482d9370_0 .net *"_ivl_7", 30 0, L_0000023748349188;  1 drivers
L_00000237483491d0 .functor BUFT 1, C4<00000000000000000000000000000000>, C4<0>, C4<0>, C4<0>;
v00000237482da630_0 .net/2u *"_ivl_8", 31 0, L_00000237483491d0;  1 drivers
v00000237482da130_0 .net "din0", 31 0, v000002374833dad0_0;  1 drivers
v00000237482d92d0_0 .net "din1", 31 0, v000002374833eb10_0;  1 drivers
v00000237482d99b0_0 .net "din2", 31 0, v000002374833f3d0_0;  1 drivers
v00000237482da590_0 .net "din3", 31 0, v000002374833ddf0_0;  1 drivers
v00000237482d9690_0 .net "din4", 31 0, L_00000237482a9d00;  alias, 1 drivers
v00000237482da810_0 .net "dout", 31 0, L_00000237483a56d0;  alias, 1 drivers
v00000237482db0d0_0 .net "mux_10_0", 31 0, L_000002374821d6b0;  1 drivers
v00000237482daf90_0 .net "mux_11_0", 31 0, L_000002374821ca70;  1 drivers
v00000237482d95f0_0 .net "mux_12_0", 31 0, L_000002374821cae0;  1 drivers
v00000237482d9e10_0 .net "mux_13_0", 31 0, L_000002374821cb50;  1 drivers
v00000237482db170_0 .net "mux_14_0", 31 0, L_00000237483a5b30;  1 drivers
v00000237482dad10_0 .net "mux_15_0", 31 0, L_00000237483a5200;  1 drivers
v00000237482d9eb0_0 .net "mux_16_0", 31 0, L_00000237483a62a0;  1 drivers
v00000237482d9af0_0 .net "mux_17_0", 31 0, L_00000237483a5270;  1 drivers
v00000237482d9410_0 .net "mux_18_0", 31 0, L_00000237483a5d60;  1 drivers
v00000237482da770_0 .net "mux_19_0", 31 0, L_00000237483a5ac0;  1 drivers
v00000237482d9a50_0 .net "mux_1_0", 31 0, L_0000023748345080;  1 drivers
v00000237482d9b90_0 .net "mux_1_1", 31 0, L_0000023748348460;  1 drivers
v00000237482d9870_0 .net "mux_20_0", 31 0, L_00000237483a4f60;  1 drivers
v00000237482d9f50_0 .net "mux_21_0", 31 0, L_00000237483a6230;  1 drivers
v00000237482dabd0_0 .net "mux_22_0", 31 0, L_00000237483a52e0;  1 drivers
v00000237482da6d0_0 .net "mux_23_0", 31 0, L_00000237483a5970;  1 drivers
v00000237482da8b0_0 .net "mux_24_0", 31 0, L_00000237483a5ba0;  1 drivers
v00000237482da950_0 .net "mux_25_0", 31 0, L_00000237483a5510;  1 drivers
v00000237482dadb0_0 .net "mux_26_0", 31 0, L_00000237483a5350;  1 drivers
v00000237482d9c30_0 .net "mux_27_0", 31 0, L_00000237483a5e40;  1 drivers
v00000237482d9550_0 .net "mux_28_0", 31 0, L_00000237483a63f0;  1 drivers
v00000237482d9ff0_0 .net "mux_29_0", 31 0, L_00000237483a4fd0;  1 drivers
v00000237482da9f0_0 .net "mux_2_0", 31 0, L_0000023748348280;  1 drivers
v00000237482daa90_0 .net "mux_30_0", 31 0, L_00000237483a6310;  1 drivers
v00000237482db030_0 .net "mux_31_0", 31 0, L_00000237483a4a90;  1 drivers
v00000237482da090_0 .net "mux_32_0", 31 0, L_00000237483a4ef0;  1 drivers
v00000237482daef0_0 .net "mux_3_0", 31 0, L_000002374821e0c0;  1 drivers
v00000237482d9d70_0 .net "mux_4_0", 31 0, L_000002374821e130;  1 drivers
v00000237482dae50_0 .net "mux_5_0", 31 0, L_000002374821c7d0;  1 drivers
v00000237482da1d0_0 .net "mux_6_0", 31 0, L_000002374821c920;  1 drivers
v00000237482d9cd0_0 .net "mux_7_0", 31 0, L_000002374821c4c0;  1 drivers
v00000237482d94b0_0 .net "mux_8_0", 31 0, L_000002374821c990;  1 drivers
v00000237482d9730_0 .net "mux_9_0", 31 0, L_000002374821cca0;  1 drivers
v00000237482d97d0_0 .net "sel", 31 0, L_000002374821dfe0;  1 drivers
L_0000023748344900 .part L_000002374821dfe0, 0, 1;
L_0000023748344fe0 .concat [ 1 31 0 0], L_0000023748344900, L_0000023748349188;
L_0000023748344e00 .cmp/eq 32, L_0000023748344fe0, L_00000237483491d0;
L_0000023748345080 .functor MUXZ 32, v000002374833eb10_0, v000002374833dad0_0, L_0000023748344e00, C4<>;
L_0000023748347b00 .part L_000002374821dfe0, 0, 1;
L_0000023748347560 .concat [ 1 31 0 0], L_0000023748347b00, L_0000023748349218;
L_00000237483474c0 .cmp/eq 32, L_0000023748347560, L_0000023748349260;
L_0000023748348460 .functor MUXZ 32, v000002374833ddf0_0, v000002374833f3d0_0, L_00000237483474c0, C4<>;
L_0000023748347ba0 .part L_000002374821dfe0, 1, 1;
L_0000023748347c40 .concat [ 1 31 0 0], L_0000023748347ba0, L_00000237483492a8;
L_00000237483472e0 .cmp/eq 32, L_0000023748347c40, L_00000237483492f0;
L_0000023748348280 .functor MUXZ 32, L_0000023748348460, L_0000023748345080, L_00000237483472e0, C4<>;
    .scope S_0000023748175ee0;
T_0 ;
    %delay 0, 0;
    %pushi/vec4 1, 0, 1;
    %store/vec4 v00000237482ab3c0_0, 0, 1;
    %delay 0, 0;
    %pushi/vec4 0, 0, 1;
    %store/vec4 v00000237482aace0_0, 0, 1;
    %end;
    .thread T_0;
    .scope S_0000023748175ee0;
T_1 ;
    %wait E_00000237482bf420;
    %load/vec4 v00000237482aa4c0_0;
    %cmpi/e 1, 0, 1;
    %jmp/0xz  T_1.0, 4;
    %pushi/vec4 1, 0, 1;
    %assign/vec4 v00000237482ab3c0_0, 0;
    %jmp T_1.1;
T_1.0 ;
    %load/vec4 v00000237482aba00_0;
    %cmpi/e 1, 0, 1;
    %jmp/0xz  T_1.2, 4;
    %pushi/vec4 1, 0, 1;
    %assign/vec4 v00000237482ab3c0_0, 0;
    %jmp T_1.3;
T_1.2 ;
    %load/vec4 v00000237482ab000_0;
    %cmpi/e 1, 0, 1;
    %jmp/0xz  T_1.4, 4;
    %pushi/vec4 0, 0, 1;
    %assign/vec4 v00000237482ab3c0_0, 0;
T_1.4 ;
T_1.3 ;
T_1.1 ;
    %jmp T_1;
    .thread T_1;
    .scope S_0000023748175ee0;
T_2 ;
    %wait E_00000237482bf420;
    %load/vec4 v00000237482aa4c0_0;
    %cmpi/e 1, 0, 1;
    %jmp/0xz  T_2.0, 4;
    %pushi/vec4 0, 0, 1;
    %assign/vec4 v00000237482aace0_0, 0;
    %jmp T_2.1;
T_2.0 ;
    %load/vec4 v00000237482aa920_0;
    %cmpi/e 1, 0, 1;
    %jmp/0xz  T_2.2, 4;
    %pushi/vec4 1, 0, 1;
    %assign/vec4 v00000237482aace0_0, 0;
    %jmp T_2.3;
T_2.2 ;
    %load/vec4 v00000237482abc80_0;
    %cmpi/e 1, 0, 1;
    %jmp/0xz  T_2.4, 4;
    %pushi/vec4 0, 0, 1;
    %assign/vec4 v00000237482aace0_0, 0;
T_2.4 ;
T_2.3 ;
T_2.1 ;
    %jmp T_2;
    .thread T_2;
    .scope S_0000023748175ee0;
T_3 ;
    %wait E_00000237482beaa0;
    %load/vec4 v00000237482aa920_0;
    %cmpi/e 1, 0, 1;
    %jmp/1 T_3.2, 4;
    %flag_mov 8, 4;
    %load/vec4 v00000237482aace0_0;
    %cmpi/e 1, 0, 1;
    %flag_get/vec4 4;
    %jmp/0 T_3.3, 4;
    %load/vec4 v00000237482abc80_0;
    %pushi/vec4 0, 0, 1;
    %cmp/e;
    %flag_get/vec4 4;
    %and;
T_3.3;
    %flag_set/vec4 9;
    %flag_or 9, 8;
    %flag_mov 4, 9;
T_3.2;
    %jmp/0xz  T_3.0, 4;
    %pushi/vec4 1, 0, 1;
    %store/vec4 v00000237482abe60_0, 0, 1;
    %jmp T_3.1;
T_3.0 ;
    %pushi/vec4 0, 0, 1;
    %store/vec4 v00000237482abe60_0, 0, 1;
T_3.1 ;
    %jmp T_3;
    .thread T_3, $push;
    .scope S_0000023748175d50;
T_4 ;
    %delay 0, 0;
    %pushi/vec4 1, 0, 1;
    %store/vec4 v0000023748137090_0, 0, 1;
    %delay 0, 0;
    %pushi/vec4 0, 0, 1;
    %store/vec4 v000002374813c280_0, 0, 1;
    %delay 0, 0;
    %pushi/vec4 0, 0, 1;
    %store/vec4 v000002374813c780_0, 0, 1;
    %end;
    .thread T_4;
    .scope S_0000023748175d50;
T_5 ;
    %wait E_00000237482bf420;
    %load/vec4 v000002374813b880_0;
    %cmpi/e 1, 0, 1;
    %jmp/0xz  T_5.0, 4;
    %pushi/vec4 1, 0, 1;
    %assign/vec4 v0000023748137090_0, 0;
    %jmp T_5.1;
T_5.0 ;
    %load/vec4 v00000237481371d0_0;
    %assign/vec4 v0000023748137090_0, 0;
T_5.1 ;
    %jmp T_5;
    .thread T_5;
    .scope S_0000023748175d50;
T_6 ;
    %wait E_00000237482bf420;
    %load/vec4 v000002374813b880_0;
    %cmpi/e 1, 0, 1;
    %jmp/0xz  T_6.0, 4;
    %pushi/vec4 0, 0, 1;
    %assign/vec4 v000002374813c780_0, 0;
    %jmp T_6.1;
T_6.0 ;
    %load/vec4 v000002374813c1e0_0;
    %cmpi/e 1, 0, 1;
    %jmp/0xz  T_6.2, 4;
    %pushi/vec4 0, 0, 1;
    %assign/vec4 v000002374813c780_0, 0;
    %jmp T_6.3;
T_6.2 ;
    %load/vec4 v000002374813b2e0_0;
    %pushi/vec4 1, 0, 1;
    %cmp/e;
    %flag_get/vec4 4;
    %pushi/vec4 0, 0, 1;
    %load/vec4 v000002374813c6e0_0;
    %cmp/e;
    %flag_get/vec4 4;
    %and;
    %pushi/vec4 1, 0, 1;
    %load/vec4 v0000023748137130_0;
    %cmp/e;
    %flag_get/vec4 4;
    %and;
    %flag_set/vec4 8;
    %jmp/0xz  T_6.4, 8;
    %pushi/vec4 1, 0, 1;
    %assign/vec4 v000002374813c780_0, 0;
T_6.4 ;
T_6.3 ;
T_6.1 ;
    %jmp T_6;
    .thread T_6;
    .scope S_0000023748175d50;
T_7 ;
    %wait E_00000237482bf420;
    %load/vec4 v000002374813b880_0;
    %cmpi/e 1, 0, 1;
    %jmp/0xz  T_7.0, 4;
    %pushi/vec4 0, 0, 1;
    %assign/vec4 v000002374813c280_0, 0;
    %jmp T_7.1;
T_7.0 ;
    %load/vec4 v000002374813ca00_0;
    %cmpi/e 1, 0, 1;
    %jmp/0xz  T_7.2, 4;
    %pushi/vec4 0, 0, 1;
    %assign/vec4 v000002374813c280_0, 0;
    %jmp T_7.3;
T_7.2 ;
    %pushi/vec4 0, 0, 1;
    %load/vec4 v000002374813c6e0_0;
    %cmp/e;
    %flag_get/vec4 4;
    %pushi/vec4 1, 0, 1;
    %load/vec4 v0000023748137130_0;
    %cmp/e;
    %flag_get/vec4 4;
    %and;
    %flag_set/vec4 8;
    %jmp/0xz  T_7.4, 8;
    %load/vec4 v000002374813b100_0;
    %assign/vec4 v000002374813c280_0, 0;
T_7.4 ;
T_7.3 ;
T_7.1 ;
    %jmp T_7;
    .thread T_7;
    .scope S_0000023748175d50;
T_8 ;
    %wait E_00000237482bf420;
    %pushi/vec4 0, 0, 1;
    %load/vec4 v000002374813b740_0;
    %cmp/e;
    %flag_get/vec4 4;
    %pushi/vec4 1, 0, 1;
    %load/vec4 v0000023748137130_0;
    %cmp/e;
    %flag_get/vec4 4;
    %and;
    %flag_set/vec4 8;
    %jmp/0xz  T_8.0, 8;
    %load/vec4 v000002374813cb40_0;
    %cmpi/e 1, 0, 1;
    %jmp/0xz  T_8.2, 4;
    %pushi/vec4 0, 0, 32;
    %assign/vec4 v000002374813caa0_0, 0;
    %jmp T_8.3;
T_8.2 ;
    %load/vec4 v000002374813c0a0_0;
    %pushi/vec4 0, 0, 1;
    %cmp/e;
    %flag_get/vec4 4;
    %load/vec4 v000002374813c280_0;
    %pushi/vec4 1, 0, 1;
    %cmp/e;
    %flag_get/vec4 4;
    %and;
    %flag_set/vec4 8;
    %jmp/0xz  T_8.4, 8;
    %load/vec4 v0000023748137630_0;
    %assign/vec4 v000002374813caa0_0, 0;
T_8.4 ;
T_8.3 ;
T_8.0 ;
    %jmp T_8;
    .thread T_8;
    .scope S_0000023748175d50;
T_9 ;
    %wait E_00000237482bf420;
    %pushi/vec4 0, 0, 1;
    %load/vec4 v000002374813b740_0;
    %cmp/e;
    %flag_get/vec4 4;
    %pushi/vec4 1, 0, 1;
    %load/vec4 v0000023748137130_0;
    %cmp/e;
    %flag_get/vec4 4;
    %and;
    %flag_set/vec4 8;
    %jmp/0xz  T_9.0, 8;
    %load/vec4 v000002374813cb40_0;
    %cmpi/e 1, 0, 1;
    %jmp/0xz  T_9.2, 4;
    %load/vec4 v000002374813b4c0_0;
    %assign/vec4 v000002374813b1a0_0, 0;
    %jmp T_9.3;
T_9.2 ;
    %load/vec4 v000002374813c960_0;
    %cmpi/e 1, 0, 1;
    %jmp/0xz  T_9.4, 4;
    %load/vec4 v000002374813ade0_0;
    %assign/vec4 v000002374813b1a0_0, 0;
T_9.4 ;
T_9.3 ;
T_9.0 ;
    %jmp T_9;
    .thread T_9;
    .scope S_0000023748175d50;
T_10 ;
    %wait E_00000237482be9e0;
    %pushi/vec4 0, 0, 1;
    %load/vec4 v000002374813b740_0;
    %cmp/e;
    %flag_get/vec4 4;
    %load/vec4 v000002374813c280_0;
    %pushi/vec4 1, 0, 1;
    %cmp/e;
    %flag_get/vec4 4;
    %and;
    %pushi/vec4 1, 0, 1;
    %load/vec4 v0000023748137130_0;
    %cmp/e;
    %flag_get/vec4 4;
    %and;
    %flag_set/vec4 8;
    %jmp/0xz  T_10.0, 8;
    %pushi/vec4 1, 0, 1;
    %store/vec4 v00000237481378b0_0, 0, 1;
    %jmp T_10.1;
T_10.0 ;
    %pushi/vec4 0, 0, 1;
    %store/vec4 v00000237481378b0_0, 0, 1;
T_10.1 ;
    %jmp T_10;
    .thread T_10, $push;
    .scope S_0000023748175d50;
T_11 ;
    %wait E_00000237482be6a0;
    %load/vec4 v000002374813b380_0;
    %pushi/vec4 0, 0, 1;
    %cmp/e;
    %flag_get/vec4 4;
    %load/vec4 v000002374813c0a0_0;
    %pushi/vec4 0, 0, 1;
    %cmp/e;
    %flag_get/vec4 4;
    %and;
    %pushi/vec4 0, 0, 1;
    %load/vec4 v000002374813b740_0;
    %cmp/e;
    %flag_get/vec4 4;
    %and;
    %load/vec4 v000002374813c280_0;
    %pushi/vec4 1, 0, 1;
    %cmp/e;
    %flag_get/vec4 4;
    %and;
    %pushi/vec4 1, 0, 1;
    %load/vec4 v0000023748137130_0;
    %cmp/e;
    %flag_get/vec4 4;
    %and;
    %flag_set/vec4 8;
    %jmp/0xz  T_11.0, 8;
    %pushi/vec4 1, 0, 1;
    %store/vec4 v00000237481373b0_0, 0, 1;
    %jmp T_11.1;
T_11.0 ;
    %pushi/vec4 0, 0, 1;
    %store/vec4 v00000237481373b0_0, 0, 1;
T_11.1 ;
    %jmp T_11;
    .thread T_11, $push;
    .scope S_0000023748175d50;
T_12 ;
    %wait E_00000237482be9e0;
    %pushi/vec4 0, 0, 1;
    %load/vec4 v000002374813b740_0;
    %cmp/e;
    %flag_get/vec4 4;
    %load/vec4 v000002374813c280_0;
    %pushi/vec4 1, 0, 1;
    %cmp/e;
    %flag_get/vec4 4;
    %and;
    %pushi/vec4 1, 0, 1;
    %load/vec4 v0000023748137130_0;
    %cmp/e;
    %flag_get/vec4 4;
    %and;
    %flag_set/vec4 8;
    %jmp/0xz  T_12.0, 8;
    %pushi/vec4 1, 0, 1;
    %store/vec4 v0000023748137450_0, 0, 1;
    %jmp T_12.1;
T_12.0 ;
    %pushi/vec4 0, 0, 1;
    %store/vec4 v0000023748137450_0, 0, 1;
T_12.1 ;
    %jmp T_12;
    .thread T_12, $push;
    .scope S_0000023748175d50;
T_13 ;
    %wait E_00000237482be6a0;
    %load/vec4 v000002374813b380_0;
    %pushi/vec4 0, 0, 1;
    %cmp/e;
    %flag_get/vec4 4;
    %load/vec4 v000002374813c0a0_0;
    %pushi/vec4 0, 0, 1;
    %cmp/e;
    %flag_get/vec4 4;
    %and;
    %pushi/vec4 0, 0, 1;
    %load/vec4 v000002374813b740_0;
    %cmp/e;
    %flag_get/vec4 4;
    %and;
    %load/vec4 v000002374813c280_0;
    %pushi/vec4 1, 0, 1;
    %cmp/e;
    %flag_get/vec4 4;
    %and;
    %pushi/vec4 1, 0, 1;
    %load/vec4 v0000023748137130_0;
    %cmp/e;
    %flag_get/vec4 4;
    %and;
    %flag_set/vec4 8;
    %jmp/0xz  T_13.0, 8;
    %pushi/vec4 1, 0, 1;
    %store/vec4 v0000023748136cd0_0, 0, 1;
    %jmp T_13.1;
T_13.0 ;
    %pushi/vec4 0, 0, 1;
    %store/vec4 v0000023748136cd0_0, 0, 1;
T_13.1 ;
    %jmp T_13;
    .thread T_13, $push;
    .scope S_0000023748175d50;
T_14 ;
    %wait E_00000237482befe0;
    %load/vec4 v000002374813c0a0_0;
    %pushi/vec4 1, 0, 1;
    %cmp/e;
    %flag_get/vec4 4;
    %pushi/vec4 0, 0, 1;
    %load/vec4 v000002374813c6e0_0;
    %cmp/e;
    %flag_get/vec4 4;
    %and;
    %load/vec4 v000002374813c280_0;
    %pushi/vec4 1, 0, 1;
    %cmp/e;
    %flag_get/vec4 4;
    %and;
    %pushi/vec4 1, 0, 1;
    %load/vec4 v0000023748137130_0;
    %cmp/e;
    %flag_get/vec4 4;
    %and;
    %flag_set/vec4 8;
    %jmp/0xz  T_14.0, 8;
    %pushi/vec4 1, 0, 1;
    %store/vec4 v000002374813ca00_0, 0, 1;
    %jmp T_14.1;
T_14.0 ;
    %pushi/vec4 0, 0, 1;
    %store/vec4 v000002374813ca00_0, 0, 1;
T_14.1 ;
    %jmp T_14;
    .thread T_14, $push;
    .scope S_0000023748175d50;
T_15 ;
    %wait E_00000237482bf2e0;
    %load/vec4 v000002374813b2e0_0;
    %pushi/vec4 1, 0, 1;
    %cmp/e;
    %flag_get/vec4 4;
    %pushi/vec4 0, 0, 1;
    %load/vec4 v000002374813c6e0_0;
    %cmp/e;
    %flag_get/vec4 4;
    %and;
    %pushi/vec4 1, 0, 1;
    %load/vec4 v0000023748137130_0;
    %cmp/e;
    %flag_get/vec4 4;
    %and;
    %flag_set/vec4 8;
    %jmp/0xz  T_15.0, 8;
    %pushi/vec4 1, 0, 1;
    %store/vec4 v000002374813b420_0, 0, 1;
    %jmp T_15.1;
T_15.0 ;
    %load/vec4 v000002374813c780_0;
    %store/vec4 v000002374813b420_0, 0, 1;
T_15.1 ;
    %jmp T_15;
    .thread T_15, $push;
    .scope S_0000023748175d50;
T_16 ;
    %wait E_00000237482bec20;
    %load/vec4 v000002374813b560_0;
    %pushi/vec4 1, 0, 1;
    %cmp/e;
    %flag_get/vec4 4;
    %pushi/vec4 1, 0, 1;
    %load/vec4 v0000023748137130_0;
    %cmp/e;
    %flag_get/vec4 4;
    %and;
    %load/vec4 v000002374813b100_0;
    %pushi/vec4 0, 0, 1;
    %cmp/e;
    %flag_get/vec4 4;
    %and;
    %flag_set/vec4 8;
    %jmp/0xz  T_16.0, 8;
    %pushi/vec4 1, 0, 1;
    %store/vec4 v000002374813b060_0, 0, 1;
    %jmp T_16.1;
T_16.0 ;
    %pushi/vec4 0, 0, 1;
    %store/vec4 v000002374813b060_0, 0, 1;
T_16.1 ;
    %jmp T_16;
    .thread T_16, $push;
    .scope S_0000023748175d50;
T_17 ;
    %wait E_00000237482be8a0;
    %load/vec4 v000002374813c280_0;
    %pushi/vec4 0, 0, 1;
    %cmp/e;
    %flag_get/vec4 4;
    %load/vec4 v000002374813bd80_0;
    %pushi/vec4 0, 0, 1;
    %cmp/e;
    %flag_get/vec4 4;
    %and;
    %flag_set/vec4 8;
    %jmp/0xz  T_17.0, 8;
    %pushi/vec4 1, 0, 1;
    %store/vec4 v000002374813b560_0, 0, 1;
    %jmp T_17.1;
T_17.0 ;
    %pushi/vec4 0, 0, 1;
    %store/vec4 v000002374813b560_0, 0, 1;
T_17.1 ;
    %jmp T_17;
    .thread T_17, $push;
    .scope S_0000023748175d50;
T_18 ;
    %wait E_00000237482bea60;
    %pushi/vec4 0, 0, 1;
    %load/vec4 v000002374813c6e0_0;
    %cmp/e;
    %flag_get/vec4 4;
    %load/vec4 v000002374813bd80_0;
    %pushi/vec4 1, 0, 1;
    %cmp/e;
    %flag_get/vec4 4;
    %and;
    %pushi/vec4 1, 0, 1;
    %load/vec4 v0000023748137130_0;
    %cmp/e;
    %flag_get/vec4 4;
    %and;
    %flag_set/vec4 8;
    %jmp/0xz  T_18.0, 8;
    %pushi/vec4 1, 0, 1;
    %store/vec4 v000002374813c140_0, 0, 1;
    %jmp T_18.1;
T_18.0 ;
    %pushi/vec4 0, 0, 1;
    %store/vec4 v000002374813c140_0, 0, 1;
T_18.1 ;
    %jmp T_18;
    .thread T_18, $push;
    .scope S_0000023748175d50;
T_19 ;
    %wait E_00000237482bf2a0;
    %load/vec4 v000002374813c0a0_0;
    %pushi/vec4 1, 0, 1;
    %cmp/e;
    %flag_get/vec4 4;
    %pushi/vec4 0, 0, 1;
    %load/vec4 v000002374813b740_0;
    %cmp/e;
    %flag_get/vec4 4;
    %and;
    %pushi/vec4 1, 0, 1;
    %load/vec4 v0000023748137130_0;
    %cmp/e;
    %flag_get/vec4 4;
    %and;
    %flag_set/vec4 8;
    %jmp/0xz  T_19.0, 8;
    %pushi/vec4 1, 0, 1;
    %store/vec4 v000002374813c500_0, 0, 1;
    %jmp T_19.1;
T_19.0 ;
    %pushi/vec4 0, 0, 1;
    %store/vec4 v000002374813c500_0, 0, 1;
T_19.1 ;
    %jmp T_19;
    .thread T_19, $push;
    .scope S_0000023748175d50;
T_20 ;
    %wait E_00000237482bf160;
    %load/vec4 v0000023748137090_0;
    %dup/vec4;
    %pushi/vec4 1, 0, 1;
    %cmp/u;
    %jmp/1 T_20.0, 6;
    %pushi/vec4 1, 1, 1;
    %store/vec4 v00000237481371d0_0, 0, 1;
    %jmp T_20.2;
T_20.0 ;
    %pushi/vec4 1, 0, 1;
    %store/vec4 v00000237481371d0_0, 0, 1;
    %jmp T_20.2;
T_20.2 ;
    %pop/vec4 1;
    %jmp T_20;
    .thread T_20, $push;
    .scope S_0000023748175d50;
T_21 ;
    %wait E_00000237482be860;
    %load/vec4 v000002374813b380_0;
    %pushi/vec4 0, 0, 1;
    %cmp/e;
    %flag_get/vec4 4;
    %load/vec4 v000002374813c0a0_0;
    %pushi/vec4 0, 0, 1;
    %cmp/e;
    %flag_get/vec4 4;
    %and;
    %load/vec4 v000002374813c280_0;
    %pushi/vec4 1, 0, 1;
    %cmp/e;
    %flag_get/vec4 4;
    %and;
    %store/vec4 v000002374813c960_0, 0, 1;
    %jmp T_21;
    .thread T_21, $push;
    .scope S_00000237481fe3b0;
T_22 ;
    %delay 0, 0;
    %pushi/vec4 1, 0, 12;
    %store/vec4 v000002374833ecf0_0, 0, 12;
    %delay 0, 0;
    %pushi/vec4 0, 0, 1;
    %store/vec4 v00000237483409a0_0, 0, 1;
    %end;
    .thread T_22;
    .scope S_00000237481fe3b0;
T_23 ;
    %wait E_00000237482bf420;
    %load/vec4 v00000237483414e0_0;
    %cmpi/e 1, 0, 1;
    %jmp/0xz  T_23.0, 4;
    %pushi/vec4 1, 0, 12;
    %assign/vec4 v000002374833ecf0_0, 0;
    %jmp T_23.1;
T_23.0 ;
    %load/vec4 v000002374833ee30_0;
    %assign/vec4 v000002374833ecf0_0, 0;
T_23.1 ;
    %jmp T_23;
    .thread T_23;
    .scope S_00000237481fe3b0;
T_24 ;
    %wait E_00000237482bf420;
    %load/vec4 v00000237483414e0_0;
    %cmpi/e 1, 0, 1;
    %jmp/0xz  T_24.0, 4;
    %pushi/vec4 0, 0, 1;
    %assign/vec4 v00000237483409a0_0, 0;
    %jmp T_24.1;
T_24.0 ;
    %pushi/vec4 1, 0, 1;
    %load/vec4 v000002374833f650_0;
    %cmp/e;
    %flag_get/vec4 4;
    %load/vec4 v00000237483405e0_0;
    %pushi/vec4 0, 0, 1;
    %cmp/e;
    %flag_get/vec4 4;
    %and;
    %flag_set/vec4 8;
    %jmp/0xz  T_24.2, 8;
    %pushi/vec4 1, 0, 1;
    %assign/vec4 v00000237483409a0_0, 0;
    %jmp T_24.3;
T_24.2 ;
    %load/vec4 v0000023748341300_0;
    %cmpi/e 1, 0, 1;
    %jmp/0xz  T_24.4, 4;
    %pushi/vec4 0, 0, 1;
    %assign/vec4 v00000237483409a0_0, 0;
T_24.4 ;
T_24.3 ;
T_24.1 ;
    %jmp T_24;
    .thread T_24;
    .scope S_00000237481fe3b0;
T_25 ;
    %wait E_00000237482bf420;
    %load/vec4 v000002374833e2f0_0;
    %cmpi/e 1, 0, 1;
    %jmp/0xz  T_25.0, 4;
    %load/vec4 v0000023748341b20_0;
    %assign/vec4 v000002374833f1f0_0, 0;
    %jmp T_25.1;
T_25.0 ;
    %pushi/vec4 1, 0, 1;
    %load/vec4 v000002374833f6f0_0;
    %cmp/e;
    %flag_get/vec4 4;
    %load/vec4 v0000023748340fe0_0;
    %pushi/vec4 0, 0, 1;
    %cmp/e;
    %flag_get/vec4 4;
    %and;
    %flag_set/vec4 8;
    %jmp/0xz  T_25.2, 8;
    %load/vec4 v000002374833dad0_0;
    %assign/vec4 v000002374833f1f0_0, 0;
T_25.2 ;
T_25.1 ;
    %jmp T_25;
    .thread T_25;
    .scope S_00000237481fe3b0;
T_26 ;
    %wait E_00000237482bf420;
    %load/vec4 v000002374833ed90_0;
    %cmpi/e 1, 0, 1;
    %jmp/0xz  T_26.0, 4;
    %load/vec4 v000002374833f1f0_0;
    %assign/vec4 v000002374833dad0_0, 0;
    %jmp T_26.1;
T_26.0 ;
    %load/vec4 v000002374833ec50_0;
    %cmpi/e 1, 0, 1;
    %jmp/0xz  T_26.2, 4;
    %load/vec4 v0000023748340ea0_0;
    %assign/vec4 v000002374833dad0_0, 0;
T_26.2 ;
T_26.1 ;
    %jmp T_26;
    .thread T_26;
    .scope S_00000237481fe3b0;
T_27 ;
    %wait E_00000237482bf420;
    %load/vec4 v000002374833e2f0_0;
    %cmpi/e 1, 0, 1;
    %jmp/0xz  T_27.0, 4;
    %load/vec4 v0000023748340900_0;
    %assign/vec4 v000002374833f0b0_0, 0;
    %jmp T_27.1;
T_27.0 ;
    %pushi/vec4 1, 0, 1;
    %load/vec4 v000002374833f6f0_0;
    %cmp/e;
    %flag_get/vec4 4;
    %load/vec4 v0000023748340fe0_0;
    %pushi/vec4 0, 0, 1;
    %cmp/e;
    %flag_get/vec4 4;
    %and;
    %flag_set/vec4 8;
    %jmp/0xz  T_27.2, 8;
    %load/vec4 v000002374833eb10_0;
    %assign/vec4 v000002374833f0b0_0, 0;
T_27.2 ;
T_27.1 ;
    %jmp T_27;
    .thread T_27;
    .scope S_00000237481fe3b0;
T_28 ;
    %wait E_00000237482bf420;
    %load/vec4 v000002374833ed90_0;
    %cmpi/e 1, 0, 1;
    %jmp/0xz  T_28.0, 4;
    %load/vec4 v000002374833f0b0_0;
    %assign/vec4 v000002374833eb10_0, 0;
    %jmp T_28.1;
T_28.0 ;
    %load/vec4 v000002374833ec50_0;
    %cmpi/e 1, 0, 1;
    %jmp/0xz  T_28.2, 4;
    %load/vec4 v00000237483404a0_0;
    %assign/vec4 v000002374833eb10_0, 0;
T_28.2 ;
T_28.1 ;
    %jmp T_28;
    .thread T_28;
    .scope S_00000237481fe3b0;
T_29 ;
    %wait E_00000237482bf420;
    %load/vec4 v000002374833e2f0_0;
    %cmpi/e 1, 0, 1;
    %jmp/0xz  T_29.0, 4;
    %load/vec4 v0000023748340f40_0;
    %assign/vec4 v000002374833ebb0_0, 0;
    %jmp T_29.1;
T_29.0 ;
    %pushi/vec4 1, 0, 1;
    %load/vec4 v000002374833f6f0_0;
    %cmp/e;
    %flag_get/vec4 4;
    %load/vec4 v0000023748340fe0_0;
    %pushi/vec4 0, 0, 1;
    %cmp/e;
    %flag_get/vec4 4;
    %and;
    %flag_set/vec4 8;
    %jmp/0xz  T_29.2, 8;
    %load/vec4 v000002374833f3d0_0;
    %assign/vec4 v000002374833ebb0_0, 0;
T_29.2 ;
T_29.1 ;
    %jmp T_29;
    .thread T_29;
    .scope S_00000237481fe3b0;
T_30 ;
    %wait E_00000237482bf420;
    %load/vec4 v000002374833ed90_0;
    %cmpi/e 1, 0, 1;
    %jmp/0xz  T_30.0, 4;
    %load/vec4 v000002374833ebb0_0;
    %assign/vec4 v000002374833f3d0_0, 0;
    %jmp T_30.1;
T_30.0 ;
    %load/vec4 v000002374833ec50_0;
    %cmpi/e 1, 0, 1;
    %jmp/0xz  T_30.2, 4;
    %load/vec4 v0000023748341f80_0;
    %assign/vec4 v000002374833f3d0_0, 0;
T_30.2 ;
T_30.1 ;
    %jmp T_30;
    .thread T_30;
    .scope S_00000237481fe3b0;
T_31 ;
    %wait E_00000237482bf420;
    %load/vec4 v000002374833e2f0_0;
    %cmpi/e 1, 0, 1;
    %jmp/0xz  T_31.0, 4;
    %load/vec4 v0000023748342480_0;
    %assign/vec4 v000002374833f510_0, 0;
    %jmp T_31.1;
T_31.0 ;
    %pushi/vec4 1, 0, 1;
    %load/vec4 v000002374833f6f0_0;
    %cmp/e;
    %flag_get/vec4 4;
    %load/vec4 v0000023748340fe0_0;
    %pushi/vec4 0, 0, 1;
    %cmp/e;
    %flag_get/vec4 4;
    %and;
    %flag_set/vec4 8;
    %jmp/0xz  T_31.2, 8;
    %load/vec4 v000002374833ddf0_0;
    %assign/vec4 v000002374833f510_0, 0;
T_31.2 ;
T_31.1 ;
    %jmp T_31;
    .thread T_31;
    .scope S_00000237481fe3b0;
T_32 ;
    %wait E_00000237482bf420;
    %load/vec4 v000002374833ed90_0;
    %cmpi/e 1, 0, 1;
    %jmp/0xz  T_32.0, 4;
    %load/vec4 v000002374833f510_0;
    %assign/vec4 v000002374833ddf0_0, 0;
    %jmp T_32.1;
T_32.0 ;
    %load/vec4 v000002374833ec50_0;
    %cmpi/e 1, 0, 1;
    %jmp/0xz  T_32.2, 4;
    %load/vec4 v0000023748341d00_0;
    %assign/vec4 v000002374833ddf0_0, 0;
T_32.2 ;
T_32.1 ;
    %jmp T_32;
    .thread T_32;
    .scope S_00000237481fe3b0;
T_33 ;
    %wait E_00000237482bf420;
    %pushi/vec4 1, 0, 1;
    %load/vec4 v000002374833e250_0;
    %cmp/e;
    %flag_get/vec4 4;
    %load/vec4 v0000023748341c60_0;
    %pushi/vec4 0, 0, 1;
    %cmp/e;
    %flag_get/vec4 4;
    %and;
    %flag_set/vec4 8;
    %jmp/0xz  T_33.0, 8;
    %pushi/vec4 0, 0, 32;
    %assign/vec4 v00000237483400e0_0, 0;
    %jmp T_33.1;
T_33.0 ;
    %load/vec4 v000002374833e930_0;
    %cmpi/e 1, 0, 1;
    %jmp/0xz  T_33.2, 4;
    %load/vec4 v000002374833e070_0;
    %assign/vec4 v00000237483400e0_0, 0;
T_33.2 ;
T_33.1 ;
    %jmp T_33;
    .thread T_33;
    .scope S_00000237481fe3b0;
T_34 ;
    %wait E_00000237482bf420;
    %pushi/vec4 1, 0, 1;
    %load/vec4 v000002374833e250_0;
    %cmp/e;
    %flag_get/vec4 4;
    %load/vec4 v0000023748341c60_0;
    %pushi/vec4 0, 0, 1;
    %cmp/e;
    %flag_get/vec4 4;
    %and;
    %flag_set/vec4 8;
    %jmp/0xz  T_34.0, 8;
    %load/vec4 v000002374833df30_0;
    %assign/vec4 v0000023748341b20_0, 0;
    %jmp T_34.1;
T_34.0 ;
    %load/vec4 v000002374833e930_0;
    %cmpi/e 1, 0, 1;
    %jmp/0xz  T_34.2, 4;
    %load/vec4 v0000023748342340_0;
    %assign/vec4 v0000023748341b20_0, 0;
T_34.2 ;
T_34.1 ;
    %jmp T_34;
    .thread T_34;
    .scope S_00000237481fe3b0;
T_35 ;
    %wait E_00000237482bf420;
    %pushi/vec4 1, 0, 1;
    %load/vec4 v000002374833e250_0;
    %cmp/e;
    %flag_get/vec4 4;
    %load/vec4 v0000023748341c60_0;
    %pushi/vec4 0, 0, 1;
    %cmp/e;
    %flag_get/vec4 4;
    %and;
    %flag_set/vec4 8;
    %jmp/0xz  T_35.0, 8;
    %load/vec4 v000002374833f790_0;
    %assign/vec4 v0000023748340900_0, 0;
    %jmp T_35.1;
T_35.0 ;
    %load/vec4 v000002374833e930_0;
    %cmpi/e 1, 0, 1;
    %jmp/0xz  T_35.2, 4;
    %load/vec4 v0000023748342160_0;
    %assign/vec4 v0000023748340900_0, 0;
T_35.2 ;
T_35.1 ;
    %jmp T_35;
    .thread T_35;
    .scope S_00000237481fe3b0;
T_36 ;
    %wait E_00000237482bf420;
    %pushi/vec4 1, 0, 1;
    %load/vec4 v000002374833e250_0;
    %cmp/e;
    %flag_get/vec4 4;
    %load/vec4 v0000023748341c60_0;
    %pushi/vec4 0, 0, 1;
    %cmp/e;
    %flag_get/vec4 4;
    %and;
    %flag_set/vec4 8;
    %jmp/0xz  T_36.0, 8;
    %load/vec4 v000002374833e430_0;
    %assign/vec4 v0000023748340f40_0, 0;
    %jmp T_36.1;
T_36.0 ;
    %load/vec4 v000002374833e930_0;
    %cmpi/e 1, 0, 1;
    %jmp/0xz  T_36.2, 4;
    %load/vec4 v0000023748341620_0;
    %assign/vec4 v0000023748340f40_0, 0;
T_36.2 ;
T_36.1 ;
    %jmp T_36;
    .thread T_36;
    .scope S_00000237481fe3b0;
T_37 ;
    %wait E_00000237482bf420;
    %pushi/vec4 1, 0, 1;
    %load/vec4 v000002374833f150_0;
    %cmp/e;
    %flag_get/vec4 4;
    %load/vec4 v0000023748340220_0;
    %pushi/vec4 0, 0, 2;
    %cmp/e;
    %flag_get/vec4 4;
    %and;
    %load/vec4 v0000023748342520_0;
    %pushi/vec4 0, 0, 1;
    %cmp/e;
    %flag_get/vec4 4;
    %and;
    %pushi/vec4 1, 0, 1;
    %load/vec4 v000002374833f150_0;
    %cmp/e;
    %flag_get/vec4 4;
    %load/vec4 v0000023748340220_0;
    %pushi/vec4 1, 0, 2;
    %cmp/e;
    %flag_get/vec4 4;
    %and;
    %load/vec4 v0000023748342520_0;
    %pushi/vec4 0, 0, 1;
    %cmp/e;
    %flag_get/vec4 4;
    %and;
    %or;
    %pushi/vec4 1, 0, 1;
    %load/vec4 v000002374833f150_0;
    %cmp/e;
    %flag_get/vec4 4;
    %load/vec4 v0000023748340220_0;
    %pushi/vec4 2, 0, 2;
    %cmp/e;
    %flag_get/vec4 4;
    %and;
    %load/vec4 v0000023748342520_0;
    %pushi/vec4 0, 0, 1;
    %cmp/e;
    %flag_get/vec4 4;
    %and;
    %or;
    %flag_set/vec4 8;
    %jmp/0xz  T_37.0, 8;
    %load/vec4 v0000023748342480_0;
    %assign/vec4 v00000237483419e0_0, 0;
    %jmp T_37.1;
T_37.0 ;
    %pushi/vec4 1, 0, 1;
    %load/vec4 v000002374833f150_0;
    %cmp/e;
    %flag_get/vec4 4;
    %load/vec4 v0000023748340220_0;
    %pushi/vec4 3, 0, 2;
    %cmp/e;
    %flag_get/vec4 4;
    %and;
    %load/vec4 v0000023748342520_0;
    %pushi/vec4 0, 0, 1;
    %cmp/e;
    %flag_get/vec4 4;
    %and;
    %flag_set/vec4 8;
    %jmp/0xz  T_37.2, 8;
    %pushi/vec4 0, 0, 32;
    %assign/vec4 v00000237483419e0_0, 0;
T_37.2 ;
T_37.1 ;
    %jmp T_37;
    .thread T_37;
    .scope S_00000237481fe3b0;
T_38 ;
    %wait E_00000237482bf420;
    %pushi/vec4 1, 0, 1;
    %load/vec4 v000002374833f150_0;
    %cmp/e;
    %flag_get/vec4 4;
    %load/vec4 v0000023748340220_0;
    %pushi/vec4 0, 0, 2;
    %cmp/e;
    %flag_get/vec4 4;
    %and;
    %load/vec4 v0000023748342520_0;
    %pushi/vec4 0, 0, 1;
    %cmp/e;
    %flag_get/vec4 4;
    %and;
    %flag_set/vec4 8;
    %jmp/0xz  T_38.0, 8;
    %pushi/vec4 0, 0, 32;
    %assign/vec4 v0000023748342340_0, 0;
    %jmp T_38.1;
T_38.0 ;
    %pushi/vec4 1, 0, 1;
    %load/vec4 v000002374833f150_0;
    %cmp/e;
    %flag_get/vec4 4;
    %load/vec4 v0000023748340220_0;
    %pushi/vec4 1, 0, 2;
    %cmp/e;
    %flag_get/vec4 4;
    %and;
    %load/vec4 v0000023748342520_0;
    %pushi/vec4 0, 0, 1;
    %cmp/e;
    %flag_get/vec4 4;
    %and;
    %pushi/vec4 1, 0, 1;
    %load/vec4 v000002374833f150_0;
    %cmp/e;
    %flag_get/vec4 4;
    %load/vec4 v0000023748340220_0;
    %pushi/vec4 2, 0, 2;
    %cmp/e;
    %flag_get/vec4 4;
    %and;
    %load/vec4 v0000023748342520_0;
    %pushi/vec4 0, 0, 1;
    %cmp/e;
    %flag_get/vec4 4;
    %and;
    %or;
    %pushi/vec4 1, 0, 1;
    %load/vec4 v000002374833f150_0;
    %cmp/e;
    %flag_get/vec4 4;
    %load/vec4 v0000023748340220_0;
    %pushi/vec4 3, 0, 2;
    %cmp/e;
    %flag_get/vec4 4;
    %and;
    %load/vec4 v0000023748342520_0;
    %pushi/vec4 0, 0, 1;
    %cmp/e;
    %flag_get/vec4 4;
    %and;
    %or;
    %flag_set/vec4 8;
    %jmp/0xz  T_38.2, 8;
    %load/vec4 v0000023748341b20_0;
    %assign/vec4 v0000023748342340_0, 0;
T_38.2 ;
T_38.1 ;
    %jmp T_38;
    .thread T_38;
    .scope S_00000237481fe3b0;
T_39 ;
    %wait E_00000237482bf420;
    %pushi/vec4 1, 0, 1;
    %load/vec4 v000002374833f150_0;
    %cmp/e;
    %flag_get/vec4 4;
    %load/vec4 v0000023748340220_0;
    %pushi/vec4 1, 0, 2;
    %cmp/e;
    %flag_get/vec4 4;
    %and;
    %load/vec4 v0000023748342520_0;
    %pushi/vec4 0, 0, 1;
    %cmp/e;
    %flag_get/vec4 4;
    %and;
    %flag_set/vec4 8;
    %jmp/0xz  T_39.0, 8;
    %pushi/vec4 0, 0, 32;
    %assign/vec4 v0000023748342160_0, 0;
    %jmp T_39.1;
T_39.0 ;
    %pushi/vec4 1, 0, 1;
    %load/vec4 v000002374833f150_0;
    %cmp/e;
    %flag_get/vec4 4;
    %load/vec4 v0000023748340220_0;
    %pushi/vec4 0, 0, 2;
    %cmp/e;
    %flag_get/vec4 4;
    %and;
    %load/vec4 v0000023748342520_0;
    %pushi/vec4 0, 0, 1;
    %cmp/e;
    %flag_get/vec4 4;
    %and;
    %pushi/vec4 1, 0, 1;
    %load/vec4 v000002374833f150_0;
    %cmp/e;
    %flag_get/vec4 4;
    %load/vec4 v0000023748340220_0;
    %pushi/vec4 2, 0, 2;
    %cmp/e;
    %flag_get/vec4 4;
    %and;
    %load/vec4 v0000023748342520_0;
    %pushi/vec4 0, 0, 1;
    %cmp/e;
    %flag_get/vec4 4;
    %and;
    %or;
    %pushi/vec4 1, 0, 1;
    %load/vec4 v000002374833f150_0;
    %cmp/e;
    %flag_get/vec4 4;
    %load/vec4 v0000023748340220_0;
    %pushi/vec4 3, 0, 2;
    %cmp/e;
    %flag_get/vec4 4;
    %and;
    %load/vec4 v0000023748342520_0;
    %pushi/vec4 0, 0, 1;
    %cmp/e;
    %flag_get/vec4 4;
    %and;
    %or;
    %flag_set/vec4 8;
    %jmp/0xz  T_39.2, 8;
    %load/vec4 v0000023748340900_0;
    %assign/vec4 v0000023748342160_0, 0;
T_39.2 ;
T_39.1 ;
    %jmp T_39;
    .thread T_39;
    .scope S_00000237481fe3b0;
T_40 ;
    %wait E_00000237482bf420;
    %pushi/vec4 1, 0, 1;
    %load/vec4 v000002374833f150_0;
    %cmp/e;
    %flag_get/vec4 4;
    %load/vec4 v0000023748340220_0;
    %pushi/vec4 2, 0, 2;
    %cmp/e;
    %flag_get/vec4 4;
    %and;
    %load/vec4 v0000023748342520_0;
    %pushi/vec4 0, 0, 1;
    %cmp/e;
    %flag_get/vec4 4;
    %and;
    %flag_set/vec4 8;
    %jmp/0xz  T_40.0, 8;
    %pushi/vec4 0, 0, 32;
    %assign/vec4 v0000023748341620_0, 0;
    %jmp T_40.1;
T_40.0 ;
    %pushi/vec4 1, 0, 1;
    %load/vec4 v000002374833f150_0;
    %cmp/e;
    %flag_get/vec4 4;
    %load/vec4 v0000023748340220_0;
    %pushi/vec4 0, 0, 2;
    %cmp/e;
    %flag_get/vec4 4;
    %and;
    %load/vec4 v0000023748342520_0;
    %pushi/vec4 0, 0, 1;
    %cmp/e;
    %flag_get/vec4 4;
    %and;
    %pushi/vec4 1, 0, 1;
    %load/vec4 v000002374833f150_0;
    %cmp/e;
    %flag_get/vec4 4;
    %load/vec4 v0000023748340220_0;
    %pushi/vec4 1, 0, 2;
    %cmp/e;
    %flag_get/vec4 4;
    %and;
    %load/vec4 v0000023748342520_0;
    %pushi/vec4 0, 0, 1;
    %cmp/e;
    %flag_get/vec4 4;
    %and;
    %or;
    %pushi/vec4 1, 0, 1;
    %load/vec4 v000002374833f150_0;
    %cmp/e;
    %flag_get/vec4 4;
    %load/vec4 v0000023748340220_0;
    %pushi/vec4 3, 0, 2;
    %cmp/e;
    %flag_get/vec4 4;
    %and;
    %load/vec4 v0000023748342520_0;
    %pushi/vec4 0, 0, 1;
    %cmp/e;
    %flag_get/vec4 4;
    %and;
    %or;
    %flag_set/vec4 8;
    %jmp/0xz  T_40.2, 8;
    %load/vec4 v0000023748340f40_0;
    %assign/vec4 v0000023748341620_0, 0;
T_40.2 ;
T_40.1 ;
    %jmp T_40;
    .thread T_40;
    .scope S_00000237481fe3b0;
T_41 ;
    %wait E_00000237482bf420;
    %pushi/vec4 1, 0, 1;
    %load/vec4 v000002374833e250_0;
    %cmp/e;
    %flag_get/vec4 4;
    %load/vec4 v0000023748341c60_0;
    %pushi/vec4 0, 0, 1;
    %cmp/e;
    %flag_get/vec4 4;
    %and;
    %flag_set/vec4 8;
    %jmp/0xz  T_41.0, 8;
    %load/vec4 v000002374833e390_0;
    %assign/vec4 v0000023748342480_0, 0;
    %jmp T_41.1;
T_41.0 ;
    %load/vec4 v000002374833e930_0;
    %cmpi/e 1, 0, 1;
    %jmp/0xz  T_41.2, 4;
    %load/vec4 v00000237483419e0_0;
    %assign/vec4 v0000023748342480_0, 0;
T_41.2 ;
T_41.1 ;
    %jmp T_41;
    .thread T_41;
    .scope S_00000237481fe3b0;
T_42 ;
    %wait E_00000237482bf420;
    %pushi/vec4 1, 0, 1;
    %load/vec4 v000002374833f830_0;
    %cmp/e;
    %flag_get/vec4 4;
    %load/vec4 v0000023748341a80_0;
    %pushi/vec4 1, 0, 1;
    %cmp/e;
    %flag_get/vec4 4;
    %and;
    %flag_set/vec4 8;
    %jmp/0xz  T_42.0, 8;
    %pushi/vec4 0, 0, 32;
    %assign/vec4 v00000237483413a0_0, 0;
    %jmp T_42.1;
T_42.0 ;
    %pushi/vec4 1, 0, 1;
    %load/vec4 v000002374833f650_0;
    %cmp/e;
    %flag_get/vec4 4;
    %load/vec4 v00000237483405e0_0;
    %pushi/vec4 0, 0, 1;
    %cmp/e;
    %flag_get/vec4 4;
    %and;
    %flag_set/vec4 8;
    %jmp/0xz  T_42.2, 8;
    %load/vec4 v000002374833f470_0;
    %assign/vec4 v00000237483413a0_0, 0;
T_42.2 ;
T_42.1 ;
    %jmp T_42;
    .thread T_42;
    .scope S_00000237481fe3b0;
T_43 ;
    %wait E_00000237482bf420;
    %pushi/vec4 1, 0, 1;
    %load/vec4 v000002374833f830_0;
    %cmp/e;
    %flag_get/vec4 4;
    %load/vec4 v0000023748341a80_0;
    %pushi/vec4 1, 0, 1;
    %cmp/e;
    %flag_get/vec4 4;
    %and;
    %flag_set/vec4 8;
    %jmp/0xz  T_43.0, 8;
    %pushi/vec4 0, 0, 32;
    %assign/vec4 v0000023748341440_0, 0;
    %jmp T_43.1;
T_43.0 ;
    %load/vec4 v000002374833e4d0_0;
    %cmpi/e 1, 0, 1;
    %jmp/0xz  T_43.2, 4;
    %load/vec4 v0000023748340a40_0;
    %assign/vec4 v0000023748341440_0, 0;
T_43.2 ;
T_43.1 ;
    %jmp T_43;
    .thread T_43;
    .scope S_00000237481fe3b0;
T_44 ;
    %wait E_00000237482bf420;
    %load/vec4 v000002374833e2f0_0;
    %cmpi/e 1, 0, 1;
    %jmp/0xz  T_44.0, 4;
    %load/vec4 v00000237483418a0_0;
    %assign/vec4 v0000023748341080_0, 0;
    %jmp T_44.1;
T_44.0 ;
    %pushi/vec4 1, 0, 1;
    %load/vec4 v000002374833f6f0_0;
    %cmp/e;
    %flag_get/vec4 4;
    %load/vec4 v0000023748340fe0_0;
    %pushi/vec4 0, 0, 1;
    %cmp/e;
    %flag_get/vec4 4;
    %and;
    %flag_set/vec4 8;
    %jmp/0xz  T_44.2, 8;
    %load/vec4 v000002374833e110_0;
    %assign/vec4 v0000023748341080_0, 0;
T_44.2 ;
T_44.1 ;
    %jmp T_44;
    .thread T_44;
    .scope S_00000237481fe3b0;
T_45 ;
    %wait E_00000237482bf420;
    %load/vec4 v000002374833ed90_0;
    %cmpi/e 1, 0, 1;
    %jmp/0xz  T_45.0, 4;
    %load/vec4 v0000023748340180_0;
    %assign/vec4 v000002374833ff00_0, 0;
    %jmp T_45.1;
T_45.0 ;
    %load/vec4 v000002374833ec50_0;
    %cmpi/e 1, 0, 1;
    %jmp/0xz  T_45.2, 4;
    %load/vec4 v000002374833f5b0_0;
    %assign/vec4 v000002374833ff00_0, 0;
T_45.2 ;
T_45.1 ;
    %jmp T_45;
    .thread T_45;
    .scope S_00000237481fe3b0;
T_46 ;
    %wait E_00000237482bf420;
    %pushi/vec4 1, 0, 1;
    %load/vec4 v000002374833f650_0;
    %cmp/e;
    %flag_get/vec4 4;
    %load/vec4 v00000237483405e0_0;
    %pushi/vec4 0, 0, 1;
    %cmp/e;
    %flag_get/vec4 4;
    %and;
    %flag_set/vec4 8;
    %jmp/0xz  T_46.0, 8;
    %load/vec4 v000002374833f1f0_0;
    %assign/vec4 v000002374833df30_0, 0;
    %load/vec4 v000002374833f0b0_0;
    %assign/vec4 v000002374833f790_0, 0;
    %load/vec4 v000002374833ebb0_0;
    %assign/vec4 v000002374833e430_0, 0;
    %load/vec4 v000002374833f510_0;
    %assign/vec4 v000002374833e390_0, 0;
T_46.0 ;
    %jmp T_46;
    .thread T_46;
    .scope S_00000237481fe3b0;
T_47 ;
    %wait E_00000237482bf420;
    %load/vec4 v000002374833f150_0;
    %cmpi/e 1, 0, 1;
    %jmp/0xz  T_47.0, 4;
    %load/vec4 v000002374833dfd0_0;
    %assign/vec4 v000002374833e070_0, 0;
T_47.0 ;
    %jmp T_47;
    .thread T_47;
    .scope S_00000237481fe3b0;
T_48 ;
    %wait E_00000237482bf420;
    %load/vec4 v000002374833e250_0;
    %cmpi/e 1, 0, 1;
    %jmp/0xz  T_48.0, 4;
    %load/vec4 v000002374833e890_0;
    %assign/vec4 v000002374833f470_0, 0;
T_48.0 ;
    %jmp T_48;
    .thread T_48;
    .scope S_00000237481fe3b0;
T_49 ;
    %wait E_00000237482bf420;
    %load/vec4 v000002374833e2f0_0;
    %cmpi/e 1, 0, 1;
    %jmp/0xz  T_49.0, 4;
    %load/vec4 v00000237483420c0_0;
    %assign/vec4 v0000023748341580_0, 0;
T_49.0 ;
    %jmp T_49;
    .thread T_49;
    .scope S_00000237481fe3b0;
T_50 ;
    %wait E_00000237482bf420;
    %load/vec4 v000002374833ed90_0;
    %cmpi/e 1, 0, 1;
    %jmp/0xz  T_50.0, 4;
    %load/vec4 v0000023748341800_0;
    %assign/vec4 v0000023748341da0_0, 0;
    %load/vec4 v000002374833d430_0;
    %assign/vec4 v0000023748340400_0, 0;
T_50.0 ;
    %jmp T_50;
    .thread T_50;
    .scope S_00000237481fe3b0;
T_51 ;
    %wait E_00000237482bf420;
    %pushi/vec4 1, 0, 1;
    %load/vec4 v000002374833e250_0;
    %cmp/e;
    %flag_get/vec4 4;
    %load/vec4 v0000023748341c60_0;
    %pushi/vec4 0, 0, 1;
    %cmp/e;
    %flag_get/vec4 4;
    %and;
    %flag_set/vec4 8;
    %jmp/0xz  T_51.0, 8;
    %load/vec4 v0000023748340b80_0;
    %parti/s 32, 0, 2;
    %ix/load 4, 0, 0;
    %ix/load 5, 0, 0;
    %flag_set/imm 4, 0;
    %assign/vec4/off/d v0000023748340c20_0, 4, 5;
T_51.0 ;
    %jmp T_51;
    .thread T_51;
    .scope S_00000237481fe3b0;
T_52 ;
    %wait E_00000237482bf420;
    %pushi/vec4 1, 0, 1;
    %load/vec4 v000002374833f150_0;
    %cmp/e;
    %flag_get/vec4 4;
    %load/vec4 v0000023748342520_0;
    %pushi/vec4 1, 0, 1;
    %cmp/e;
    %flag_get/vec4 4;
    %and;
    %flag_set/vec4 8;
    %jmp/0xz  T_52.0, 8;
    %load/vec4 v0000023748340540_0;
    %parti/s 32, 0, 2;
    %ix/load 4, 0, 0;
    %ix/load 5, 0, 0;
    %flag_set/imm 4, 0;
    %assign/vec4/off/d v0000023748340680_0, 4, 5;
T_52.0 ;
    %jmp T_52;
    .thread T_52;
    .scope S_00000237481fe3b0;
T_53 ;
    %wait E_00000237482bea20;
    %load/vec4 v000002374833f650_0;
    %cmpi/e 1, 0, 1;
    %jmp/0xz  T_53.0, 4;
    %pushi/vec4 1, 0, 1;
    %store/vec4 v00000237482da270_0, 0, 1;
    %jmp T_53.1;
T_53.0 ;
    %pushi/vec4 0, 0, 1;
    %store/vec4 v00000237482da270_0, 0, 1;
T_53.1 ;
    %jmp T_53;
    .thread T_53, $push;
    .scope S_00000237481fe3b0;
T_54 ;
    %wait E_00000237482bf020;
    %load/vec4 v000002374833f6f0_0;
    %cmpi/e 1, 0, 1;
    %jmp/0xz  T_54.0, 4;
    %pushi/vec4 1, 0, 1;
    %store/vec4 v00000237482da450_0, 0, 1;
    %jmp T_54.1;
T_54.0 ;
    %pushi/vec4 0, 0, 1;
    %store/vec4 v00000237482da450_0, 0, 1;
T_54.1 ;
    %jmp T_54;
    .thread T_54, $push;
    .scope S_00000237481fe3b0;
T_55 ;
    %wait E_00000237482bf0a0;
    %load/vec4 v000002374833e610_0;
    %cmpi/e 1, 0, 1;
    %jmp/0xz  T_55.0, 4;
    %pushi/vec4 1, 0, 1;
    %store/vec4 v000002374833cb70_0, 0, 1;
    %jmp T_55.1;
T_55.0 ;
    %pushi/vec4 0, 0, 1;
    %store/vec4 v000002374833cb70_0, 0, 1;
T_55.1 ;
    %jmp T_55;
    .thread T_55, $push;
    .scope S_00000237481fe3b0;
T_56 ;
    %wait E_00000237482bf020;
    %load/vec4 v000002374833f6f0_0;
    %cmpi/e 1, 0, 1;
    %jmp/0xz  T_56.0, 4;
    %pushi/vec4 1, 0, 1;
    %store/vec4 v000002374833b8b0_0, 0, 1;
    %jmp T_56.1;
T_56.0 ;
    %pushi/vec4 0, 0, 1;
    %store/vec4 v000002374833b8b0_0, 0, 1;
T_56.1 ;
    %jmp T_56;
    .thread T_56, $push;
    .scope S_00000237481fe3b0;
T_57 ;
    %wait E_00000237482bee60;
    %load/vec4 v000002374833f150_0;
    %cmpi/e 1, 0, 1;
    %jmp/0xz  T_57.0, 4;
    %pushi/vec4 1, 0, 1;
    %store/vec4 v000002374833b9f0_0, 0, 1;
    %jmp T_57.1;
T_57.0 ;
    %pushi/vec4 0, 0, 1;
    %store/vec4 v000002374833b9f0_0, 0, 1;
T_57.1 ;
    %jmp T_57;
    .thread T_57, $push;
    .scope S_00000237481fe3b0;
T_58 ;
    %wait E_00000237482bee60;
    %load/vec4 v000002374833f150_0;
    %cmpi/e 1, 0, 1;
    %jmp/0xz  T_58.0, 4;
    %pushi/vec4 1, 0, 1;
    %store/vec4 v000002374833c8f0_0, 0, 1;
    %jmp T_58.1;
T_58.0 ;
    %pushi/vec4 0, 0, 1;
    %store/vec4 v000002374833c8f0_0, 0, 1;
T_58.1 ;
    %jmp T_58;
    .thread T_58, $push;
    .scope S_00000237481fe3b0;
T_59 ;
    %wait E_00000237482bf0a0;
    %load/vec4 v000002374833e610_0;
    %cmpi/e 1, 0, 1;
    %jmp/0xz  T_59.0, 4;
    %pushi/vec4 1, 0, 1;
    %store/vec4 v000002374833d390_0, 0, 1;
    %jmp T_59.1;
T_59.0 ;
    %pushi/vec4 0, 0, 1;
    %store/vec4 v000002374833d390_0, 0, 1;
T_59.1 ;
    %jmp T_59;
    .thread T_59, $push;
    .scope S_00000237481fe3b0;
T_60 ;
    %wait E_00000237482bf0a0;
    %load/vec4 v000002374833e610_0;
    %cmpi/e 1, 0, 1;
    %jmp/0xz  T_60.0, 4;
    %pushi/vec4 1, 0, 1;
    %store/vec4 v000002374833bdb0_0, 0, 1;
    %jmp T_60.1;
T_60.0 ;
    %pushi/vec4 0, 0, 1;
    %store/vec4 v000002374833bdb0_0, 0, 1;
T_60.1 ;
    %jmp T_60;
    .thread T_60, $push;
    .scope S_00000237481fe3b0;
T_61 ;
    %wait E_00000237482be5a0;
    %load/vec4 v000002374833e4d0_0;
    %cmpi/e 1, 0, 1;
    %jmp/0xz  T_61.0, 4;
    %load/vec4 v0000023748340680_0;
    %pad/u 3;
    %store/vec4 v000002374833d570_0, 0, 3;
    %jmp T_61.1;
T_61.0 ;
    %load/vec4 v000002374833f830_0;
    %cmpi/e 1, 0, 1;
    %jmp/0xz  T_61.2, 4;
    %pushi/vec4 0, 0, 3;
    %store/vec4 v000002374833d570_0, 0, 3;
    %jmp T_61.3;
T_61.2 ;
    %pushi/vec4 7, 7, 3;
    %store/vec4 v000002374833d570_0, 0, 3;
T_61.3 ;
T_61.1 ;
    %jmp T_61;
    .thread T_61, $push;
    .scope S_00000237481fe3b0;
T_62 ;
    %wait E_00000237482be820;
    %pushi/vec4 1, 0, 1;
    %load/vec4 v000002374833e4d0_0;
    %cmp/e;
    %flag_get/vec4 4;
    %pushi/vec4 1, 0, 1;
    %load/vec4 v000002374833f830_0;
    %cmp/e;
    %flag_get/vec4 4;
    %load/vec4 v0000023748341a80_0;
    %pushi/vec4 1, 0, 1;
    %cmp/e;
    %flag_get/vec4 4;
    %and;
    %or;
    %flag_set/vec4 8;
    %jmp/0xz  T_62.0, 8;
    %pushi/vec4 1, 0, 1;
    %store/vec4 v000002374833ccb0_0, 0, 1;
    %jmp T_62.1;
T_62.0 ;
    %pushi/vec4 0, 0, 1;
    %store/vec4 v000002374833ccb0_0, 0, 1;
T_62.1 ;
    %jmp T_62;
    .thread T_62, $push;
    .scope S_00000237481fe3b0;
T_63 ;
    %wait E_00000237482be6e0;
    %load/vec4 v000002374833e4d0_0;
    %cmpi/e 1, 0, 1;
    %jmp/0xz  T_63.0, 4;
    %load/vec4 v0000023748340a40_0;
    %store/vec4 v000002374833cd50_0, 0, 32;
    %jmp T_63.1;
T_63.0 ;
    %load/vec4 v000002374833f830_0;
    %cmpi/e 1, 0, 1;
    %jmp/0xz  T_63.2, 4;
    %pushi/vec4 0, 0, 32;
    %store/vec4 v000002374833cd50_0, 0, 32;
    %jmp T_63.3;
T_63.2 ;
    %pushi/vec4 4294967295, 4294967295, 32;
    %store/vec4 v000002374833cd50_0, 0, 32;
T_63.3 ;
T_63.1 ;
    %jmp T_63;
    .thread T_63, $push;
    .scope S_00000237481fe3b0;
T_64 ;
    %wait E_00000237482be820;
    %pushi/vec4 1, 0, 1;
    %load/vec4 v000002374833e4d0_0;
    %cmp/e;
    %flag_get/vec4 4;
    %pushi/vec4 1, 0, 1;
    %load/vec4 v000002374833f830_0;
    %cmp/e;
    %flag_get/vec4 4;
    %load/vec4 v0000023748341a80_0;
    %pushi/vec4 1, 0, 1;
    %cmp/e;
    %flag_get/vec4 4;
    %and;
    %or;
    %flag_set/vec4 8;
    %jmp/0xz  T_64.0, 8;
    %pushi/vec4 1, 0, 1;
    %store/vec4 v000002374833c990_0, 0, 1;
    %jmp T_64.1;
T_64.0 ;
    %pushi/vec4 0, 0, 1;
    %store/vec4 v000002374833c990_0, 0, 1;
T_64.1 ;
    %jmp T_64;
    .thread T_64, $push;
    .scope S_00000237481fe3b0;
T_65 ;
    %wait E_00000237482be620;
    %load/vec4 v00000237483422a0_0;
    %cmpi/e 0, 0, 1;
    %jmp/0xz  T_65.0, 4;
    %pushi/vec4 1, 0, 1;
    %store/vec4 v000002374833f290_0, 0, 1;
    %jmp T_65.1;
T_65.0 ;
    %pushi/vec4 0, 0, 1;
    %store/vec4 v000002374833f290_0, 0, 1;
T_65.1 ;
    %jmp T_65;
    .thread T_65, $push;
    .scope S_00000237481fe3b0;
T_66 ;
    %wait E_00000237482bed20;
    %load/vec4 v0000023748341a80_0;
    %cmpi/e 0, 0, 1;
    %jmp/0xz  T_66.0, 4;
    %pushi/vec4 1, 0, 1;
    %store/vec4 v000002374833db70_0, 0, 1;
    %jmp T_66.1;
T_66.0 ;
    %pushi/vec4 0, 0, 1;
    %store/vec4 v000002374833db70_0, 0, 1;
T_66.1 ;
    %jmp T_66;
    .thread T_66, $push;
    .scope S_00000237481fe3b0;
T_67 ;
    %wait E_00000237482bee20;
    %pushi/vec4 1, 0, 1;
    %load/vec4 v000002374833e250_0;
    %cmp/e;
    %flag_get/vec4 4;
    %load/vec4 v0000023748341c60_0;
    %pushi/vec4 1, 0, 1;
    %cmp/e;
    %flag_get/vec4 4;
    %and;
    %flag_set/vec4 8;
    %jmp/0xz  T_67.0, 8;
    %pushi/vec4 1, 0, 1;
    %store/vec4 v000002374833e9d0_0, 0, 1;
    %jmp T_67.1;
T_67.0 ;
    %pushi/vec4 0, 0, 1;
    %store/vec4 v000002374833e9d0_0, 0, 1;
T_67.1 ;
    %jmp T_67;
    .thread T_67, $push;
    .scope S_00000237481fe3b0;
T_68 ;
    %wait E_00000237482be9a0;
    %pushi/vec4 1, 0, 1;
    %load/vec4 v000002374833f830_0;
    %cmp/e;
    %flag_get/vec4 4;
    %load/vec4 v0000023748341a80_0;
    %pushi/vec4 0, 0, 1;
    %cmp/e;
    %flag_get/vec4 4;
    %and;
    %flag_set/vec4 8;
    %jmp/0xz  T_68.0, 8;
    %pushi/vec4 1, 0, 1;
    %store/vec4 v000002374833fdc0_0, 0, 1;
    %jmp T_68.1;
T_68.0 ;
    %pushi/vec4 0, 0, 1;
    %store/vec4 v000002374833fdc0_0, 0, 1;
T_68.1 ;
    %jmp T_68;
    .thread T_68, $push;
    .scope S_00000237481fe3b0;
T_69 ;
    %wait E_00000237482bede0;
    %pushi/vec4 1, 0, 1;
    %load/vec4 v000002374833ec50_0;
    %cmp/e;
    %flag_get/vec4 4;
    %load/vec4 v00000237483402c0_0;
    %pushi/vec4 0, 0, 2;
    %cmp/e;
    %flag_get/vec4 4;
    %and;
    %flag_set/vec4 8;
    %jmp/0xz  T_69.0, 8;
    %load/vec4 v000002374833da30_0;
    %store/vec4 v0000023748340ea0_0, 0, 32;
    %jmp T_69.1;
T_69.0 ;
    %pushi/vec4 1, 0, 1;
    %load/vec4 v000002374833ec50_0;
    %cmp/e;
    %flag_get/vec4 4;
    %load/vec4 v00000237483402c0_0;
    %pushi/vec4 1, 0, 2;
    %cmp/e;
    %flag_get/vec4 4;
    %and;
    %pushi/vec4 1, 0, 1;
    %load/vec4 v000002374833ec50_0;
    %cmp/e;
    %flag_get/vec4 4;
    %load/vec4 v00000237483402c0_0;
    %pushi/vec4 2, 0, 2;
    %cmp/e;
    %flag_get/vec4 4;
    %and;
    %or;
    %pushi/vec4 1, 0, 1;
    %load/vec4 v000002374833ec50_0;
    %cmp/e;
    %flag_get/vec4 4;
    %load/vec4 v00000237483402c0_0;
    %pushi/vec4 3, 0, 2;
    %cmp/e;
    %flag_get/vec4 4;
    %and;
    %or;
    %flag_set/vec4 8;
    %jmp/0xz  T_69.2, 8;
    %load/vec4 v000002374833dad0_0;
    %store/vec4 v0000023748340ea0_0, 0, 32;
    %jmp T_69.3;
T_69.2 ;
    %pushi/vec4 4294967295, 4294967295, 32;
    %store/vec4 v0000023748340ea0_0, 0, 32;
T_69.3 ;
T_69.1 ;
    %jmp T_69;
    .thread T_69, $push;
    .scope S_00000237481fe3b0;
T_70 ;
    %wait E_00000237482bf260;
    %pushi/vec4 1, 0, 1;
    %load/vec4 v000002374833ec50_0;
    %cmp/e;
    %flag_get/vec4 4;
    %load/vec4 v00000237483402c0_0;
    %pushi/vec4 1, 0, 2;
    %cmp/e;
    %flag_get/vec4 4;
    %and;
    %flag_set/vec4 8;
    %jmp/0xz  T_70.0, 8;
    %load/vec4 v000002374833da30_0;
    %store/vec4 v00000237483404a0_0, 0, 32;
    %jmp T_70.1;
T_70.0 ;
    %pushi/vec4 1, 0, 1;
    %load/vec4 v000002374833ec50_0;
    %cmp/e;
    %flag_get/vec4 4;
    %load/vec4 v00000237483402c0_0;
    %pushi/vec4 0, 0, 2;
    %cmp/e;
    %flag_get/vec4 4;
    %and;
    %pushi/vec4 1, 0, 1;
    %load/vec4 v000002374833ec50_0;
    %cmp/e;
    %flag_get/vec4 4;
    %load/vec4 v00000237483402c0_0;
    %pushi/vec4 2, 0, 2;
    %cmp/e;
    %flag_get/vec4 4;
    %and;
    %or;
    %pushi/vec4 1, 0, 1;
    %load/vec4 v000002374833ec50_0;
    %cmp/e;
    %flag_get/vec4 4;
    %load/vec4 v00000237483402c0_0;
    %pushi/vec4 3, 0, 2;
    %cmp/e;
    %flag_get/vec4 4;
    %and;
    %or;
    %flag_set/vec4 8;
    %jmp/0xz  T_70.2, 8;
    %load/vec4 v000002374833eb10_0;
    %store/vec4 v00000237483404a0_0, 0, 32;
    %jmp T_70.3;
T_70.2 ;
    %pushi/vec4 4294967295, 4294967295, 32;
    %store/vec4 v00000237483404a0_0, 0, 32;
T_70.3 ;
T_70.1 ;
    %jmp T_70;
    .thread T_70, $push;
    .scope S_00000237481fe3b0;
T_71 ;
    %wait E_00000237482be660;
    %pushi/vec4 1, 0, 1;
    %load/vec4 v000002374833ec50_0;
    %cmp/e;
    %flag_get/vec4 4;
    %load/vec4 v00000237483402c0_0;
    %pushi/vec4 2, 0, 2;
    %cmp/e;
    %flag_get/vec4 4;
    %and;
    %flag_set/vec4 8;
    %jmp/0xz  T_71.0, 8;
    %load/vec4 v000002374833da30_0;
    %store/vec4 v0000023748341f80_0, 0, 32;
    %jmp T_71.1;
T_71.0 ;
    %pushi/vec4 1, 0, 1;
    %load/vec4 v000002374833ec50_0;
    %cmp/e;
    %flag_get/vec4 4;
    %load/vec4 v00000237483402c0_0;
    %pushi/vec4 0, 0, 2;
    %cmp/e;
    %flag_get/vec4 4;
    %and;
    %pushi/vec4 1, 0, 1;
    %load/vec4 v000002374833ec50_0;
    %cmp/e;
    %flag_get/vec4 4;
    %load/vec4 v00000237483402c0_0;
    %pushi/vec4 1, 0, 2;
    %cmp/e;
    %flag_get/vec4 4;
    %and;
    %or;
    %pushi/vec4 1, 0, 1;
    %load/vec4 v000002374833ec50_0;
    %cmp/e;
    %flag_get/vec4 4;
    %load/vec4 v00000237483402c0_0;
    %pushi/vec4 3, 0, 2;
    %cmp/e;
    %flag_get/vec4 4;
    %and;
    %or;
    %flag_set/vec4 8;
    %jmp/0xz  T_71.2, 8;
    %load/vec4 v000002374833f3d0_0;
    %store/vec4 v0000023748341f80_0, 0, 32;
    %jmp T_71.3;
T_71.2 ;
    %pushi/vec4 4294967295, 4294967295, 32;
    %store/vec4 v0000023748341f80_0, 0, 32;
T_71.3 ;
T_71.1 ;
    %jmp T_71;
    .thread T_71, $push;
    .scope S_00000237481fe3b0;
T_72 ;
    %wait E_00000237482be560;
    %pushi/vec4 1, 0, 1;
    %load/vec4 v000002374833ec50_0;
    %cmp/e;
    %flag_get/vec4 4;
    %load/vec4 v00000237483402c0_0;
    %pushi/vec4 0, 0, 2;
    %cmp/e;
    %flag_get/vec4 4;
    %and;
    %pushi/vec4 1, 0, 1;
    %load/vec4 v000002374833ec50_0;
    %cmp/e;
    %flag_get/vec4 4;
    %load/vec4 v00000237483402c0_0;
    %pushi/vec4 1, 0, 2;
    %cmp/e;
    %flag_get/vec4 4;
    %and;
    %or;
    %pushi/vec4 1, 0, 1;
    %load/vec4 v000002374833ec50_0;
    %cmp/e;
    %flag_get/vec4 4;
    %load/vec4 v00000237483402c0_0;
    %pushi/vec4 2, 0, 2;
    %cmp/e;
    %flag_get/vec4 4;
    %and;
    %or;
    %flag_set/vec4 8;
    %jmp/0xz  T_72.0, 8;
    %load/vec4 v000002374833ddf0_0;
    %store/vec4 v0000023748341d00_0, 0, 32;
    %jmp T_72.1;
T_72.0 ;
    %pushi/vec4 1, 0, 1;
    %load/vec4 v000002374833ec50_0;
    %cmp/e;
    %flag_get/vec4 4;
    %load/vec4 v00000237483402c0_0;
    %pushi/vec4 3, 0, 2;
    %cmp/e;
    %flag_get/vec4 4;
    %and;
    %flag_set/vec4 8;
    %jmp/0xz  T_72.2, 8;
    %load/vec4 v000002374833da30_0;
    %store/vec4 v0000023748341d00_0, 0, 32;
    %jmp T_72.3;
T_72.2 ;
    %pushi/vec4 4294967295, 4294967295, 32;
    %store/vec4 v0000023748341d00_0, 0, 32;
T_72.3 ;
T_72.1 ;
    %jmp T_72;
    .thread T_72, $push;
    .scope S_00000237481fe3b0;
T_73 ;
    %wait E_00000237482bee20;
    %pushi/vec4 1, 0, 1;
    %load/vec4 v000002374833e250_0;
    %cmp/e;
    %flag_get/vec4 4;
    %load/vec4 v0000023748341c60_0;
    %pushi/vec4 1, 0, 1;
    %cmp/e;
    %flag_get/vec4 4;
    %and;
    %flag_set/vec4 8;
    %jmp/0xz  T_73.0, 8;
    %pushi/vec4 1, 0, 1;
    %store/vec4 v000002374833fe60_0, 0, 1;
    %jmp T_73.1;
T_73.0 ;
    %pushi/vec4 0, 0, 1;
    %store/vec4 v000002374833fe60_0, 0, 1;
T_73.1 ;
    %jmp T_73;
    .thread T_73, $push;
    .scope S_00000237481fe3b0;
T_74 ;
    %wait E_00000237482bebe0;
    %load/vec4 v000002374833ecf0_0;
    %dup/vec4;
    %pushi/vec4 1, 0, 12;
    %cmp/u;
    %jmp/1 T_74.0, 6;
    %dup/vec4;
    %pushi/vec4 2, 0, 12;
    %cmp/u;
    %jmp/1 T_74.1, 6;
    %dup/vec4;
    %pushi/vec4 4, 0, 12;
    %cmp/u;
    %jmp/1 T_74.2, 6;
    %dup/vec4;
    %pushi/vec4 8, 0, 12;
    %cmp/u;
    %jmp/1 T_74.3, 6;
    %dup/vec4;
    %pushi/vec4 16, 0, 12;
    %cmp/u;
    %jmp/1 T_74.4, 6;
    %dup/vec4;
    %pushi/vec4 32, 0, 12;
    %cmp/u;
    %jmp/1 T_74.5, 6;
    %dup/vec4;
    %pushi/vec4 64, 0, 12;
    %cmp/u;
    %jmp/1 T_74.6, 6;
    %dup/vec4;
    %pushi/vec4 128, 0, 12;
    %cmp/u;
    %jmp/1 T_74.7, 6;
    %dup/vec4;
    %pushi/vec4 256, 0, 12;
    %cmp/u;
    %jmp/1 T_74.8, 6;
    %dup/vec4;
    %pushi/vec4 512, 0, 12;
    %cmp/u;
    %jmp/1 T_74.9, 6;
    %dup/vec4;
    %pushi/vec4 1024, 0, 12;
    %cmp/u;
    %jmp/1 T_74.10, 6;
    %dup/vec4;
    %pushi/vec4 2048, 0, 12;
    %cmp/u;
    %jmp/1 T_74.11, 6;
    %pushi/vec4 4095, 4095, 12;
    %store/vec4 v000002374833ee30_0, 0, 12;
    %jmp T_74.13;
T_74.0 ;
    %pushi/vec4 1, 0, 1;
    %load/vec4 v000002374833f830_0;
    %cmp/e;
    %flag_get/vec4 4;
    %load/vec4 v0000023748341a80_0;
    %pushi/vec4 1, 0, 1;
    %cmp/e;
    %flag_get/vec4 4;
    %and;
    %flag_set/vec4 8;
    %jmp/0xz  T_74.14, 8;
    %pushi/vec4 2, 0, 12;
    %store/vec4 v000002374833ee30_0, 0, 12;
    %jmp T_74.15;
T_74.14 ;
    %pushi/vec4 1, 0, 12;
    %store/vec4 v000002374833ee30_0, 0, 12;
T_74.15 ;
    %jmp T_74.13;
T_74.1 ;
    %pushi/vec4 1, 0, 1;
    %load/vec4 v000002374833e250_0;
    %cmp/e;
    %flag_get/vec4 4;
    %load/vec4 v0000023748341c60_0;
    %pushi/vec4 1, 0, 1;
    %cmp/e;
    %flag_get/vec4 4;
    %and;
    %flag_set/vec4 8;
    %jmp/0xz  T_74.16, 8;
    %pushi/vec4 1, 0, 12;
    %store/vec4 v000002374833ee30_0, 0, 12;
    %jmp T_74.17;
T_74.16 ;
    %pushi/vec4 4, 0, 12;
    %store/vec4 v000002374833ee30_0, 0, 12;
T_74.17 ;
    %jmp T_74.13;
T_74.2 ;
    %pushi/vec4 1, 0, 1;
    %load/vec4 v000002374833f150_0;
    %cmp/e;
    %flag_get/vec4 4;
    %load/vec4 v0000023748342520_0;
    %pushi/vec4 0, 0, 1;
    %cmp/e;
    %flag_get/vec4 4;
    %and;
    %flag_set/vec4 8;
    %jmp/0xz  T_74.18, 8;
    %pushi/vec4 8, 0, 12;
    %store/vec4 v000002374833ee30_0, 0, 12;
    %jmp T_74.19;
T_74.18 ;
    %pushi/vec4 16, 0, 12;
    %store/vec4 v000002374833ee30_0, 0, 12;
T_74.19 ;
    %jmp T_74.13;
T_74.3 ;
    %pushi/vec4 4, 0, 12;
    %store/vec4 v000002374833ee30_0, 0, 12;
    %jmp T_74.13;
T_74.4 ;
    %pushi/vec4 32, 0, 12;
    %store/vec4 v000002374833ee30_0, 0, 12;
    %jmp T_74.13;
T_74.5 ;
    %pushi/vec4 1, 0, 1;
    %load/vec4 v000002374833f650_0;
    %cmp/e;
    %flag_get/vec4 4;
    %load/vec4 v00000237483405e0_0;
    %pushi/vec4 0, 0, 1;
    %cmp/e;
    %flag_get/vec4 4;
    %and;
    %flag_set/vec4 8;
    %jmp/0xz  T_74.20, 8;
    %pushi/vec4 1024, 0, 12;
    %store/vec4 v000002374833ee30_0, 0, 12;
    %jmp T_74.21;
T_74.20 ;
    %pushi/vec4 64, 0, 12;
    %store/vec4 v000002374833ee30_0, 0, 12;
T_74.21 ;
    %jmp T_74.13;
T_74.6 ;
    %pushi/vec4 128, 0, 12;
    %store/vec4 v000002374833ee30_0, 0, 12;
    %jmp T_74.13;
T_74.7 ;
    %pushi/vec4 256, 0, 12;
    %store/vec4 v000002374833ee30_0, 0, 12;
    %jmp T_74.13;
T_74.8 ;
    %pushi/vec4 1, 0, 1;
    %load/vec4 v000002374833f6f0_0;
    %cmp/e;
    %flag_get/vec4 4;
    %load/vec4 v0000023748340fe0_0;
    %pushi/vec4 0, 0, 1;
    %cmp/e;
    %flag_get/vec4 4;
    %and;
    %flag_set/vec4 8;
    %jmp/0xz  T_74.22, 8;
    %pushi/vec4 32, 0, 12;
    %store/vec4 v000002374833ee30_0, 0, 12;
    %jmp T_74.23;
T_74.22 ;
    %pushi/vec4 512, 0, 12;
    %store/vec4 v000002374833ee30_0, 0, 12;
T_74.23 ;
    %jmp T_74.13;
T_74.9 ;
    %pushi/vec4 256, 0, 12;
    %store/vec4 v000002374833ee30_0, 0, 12;
    %jmp T_74.13;
T_74.10 ;
    %pushi/vec4 1, 0, 1;
    %load/vec4 v000002374833ef70_0;
    %cmp/e;
    %flag_get/vec4 4;
    %load/vec4 v00000237483422a0_0;
    %pushi/vec4 1, 0, 1;
    %cmp/e;
    %flag_get/vec4 4;
    %and;
    %flag_set/vec4 8;
    %jmp/0xz  T_74.24, 8;
    %pushi/vec4 2048, 0, 12;
    %store/vec4 v000002374833ee30_0, 0, 12;
    %jmp T_74.25;
T_74.24 ;
    %pushi/vec4 1024, 0, 12;
    %store/vec4 v000002374833ee30_0, 0, 12;
T_74.25 ;
    %jmp T_74.13;
T_74.11 ;
    %pushi/vec4 2, 0, 12;
    %store/vec4 v000002374833ee30_0, 0, 12;
    %jmp T_74.13;
T_74.13 ;
    %pop/vec4 1;
    %jmp T_74;
    .thread T_74, $push;
    .scope S_00000237481fe3b0;
T_75 ;
    %wait E_00000237482bf420;
    %pushi/vec4 0, 0, 32;
    %ix/load 4, 32, 0;
    %ix/load 5, 0, 0;
    %flag_set/imm 4, 0;
    %assign/vec4/off/d v0000023748340c20_0, 4, 5;
    %pushi/vec4 0, 0, 32;
    %ix/load 4, 32, 0;
    %ix/load 5, 0, 0;
    %flag_set/imm 4, 0;
    %assign/vec4/off/d v0000023748340680_0, 4, 5;
    %jmp T_75;
    .thread T_75;
    .scope S_0000023748144630;
T_76 ;
    %pushi/vec4 4, 0, 32;
    %store/vec4 v0000023748345260_0, 0, 32;
    %pushi/vec4 4, 0, 32;
    %store/vec4 v0000023748342840_0, 0, 32;
    %pushi/vec4 4, 0, 32;
    %store/vec4 v00000237483434c0_0, 0, 32;
    %end;
    .thread T_76;
    .scope S_0000023748144630;
T_77 ;
    %wait E_00000237482bf420;
    %load/vec4 v00000237483431a0_0;
    %flag_set/vec4 9;
    %flag_get/vec4 9;
    %jmp/0 T_77.2, 9;
    %load/vec4 v00000237483425c0_0;
    %and;
T_77.2;
    %flag_set/vec4 8;
    %jmp/0xz  T_77.0, 8;
    %load/vec4 v0000023748343740_0;
    %load/vec4 v0000023748343c40_0;
    %pad/u 4;
    %ix/vec4 3;
    %ix/load 4, 0, 0; Constant delay
    %assign/vec4/a/d v00000237483437e0, 0, 4;
T_77.0 ;
    %load/vec4 v0000023748342c00_0;
    %flag_set/vec4 9;
    %flag_get/vec4 9;
    %jmp/0 T_77.5, 9;
    %load/vec4 v0000023748342ac0_0;
    %and;
T_77.5;
    %flag_set/vec4 8;
    %jmp/0xz  T_77.3, 8;
    %load/vec4 v0000023748343920_0;
    %load/vec4 v0000023748343060_0;
    %pad/u 5;
    %ix/vec4 3;
    %ix/load 4, 0, 0; Constant delay
    %assign/vec4/a/d v00000237483439c0, 0, 4;
T_77.3 ;
    %load/vec4 v0000023748343380_0;
    %flag_set/vec4 9;
    %flag_get/vec4 9;
    %jmp/0 T_77.8, 9;
    %load/vec4 v00000237483432e0_0;
    %and;
T_77.8;
    %flag_set/vec4 8;
    %jmp/0xz  T_77.6, 8;
    %load/vec4 v0000023748342700_0;
    %load/vec4 v0000023748343b00_0;
    %pad/u 5;
    %ix/vec4 3;
    %ix/load 4, 0, 0; Constant delay
    %assign/vec4/a/d v00000237483436a0, 0, 4;
T_77.6 ;
    %jmp T_77;
    .thread T_77;
    .scope S_0000023748144630;
T_78 ;
    %delay 5000, 0;
    %load/vec4 v0000023748346980_0;
    %inv;
    %store/vec4 v0000023748346980_0, 0, 1;
    %jmp T_78;
    .thread T_78;
    .scope S_0000023748144630;
T_79 ;
    %pushi/vec4 0, 0, 1;
    %store/vec4 v0000023748346980_0, 0, 1;
    %pushi/vec4 1, 0, 1;
    %store/vec4 v0000023748346ac0_0, 0, 1;
    %pushi/vec4 0, 0, 1;
    %store/vec4 v0000023748344ea0_0, 0, 1;
    %pushi/vec4 0, 0, 32;
    %ix/load 4, 0, 0;
    %flag_set/imm 4, 0;
    %store/vec4a v0000023748343a60, 4, 0;
    %pushi/vec4 2, 0, 32;
    %ix/load 4, 1, 0;
    %flag_set/imm 4, 0;
    %store/vec4a v0000023748343a60, 4, 0;
    %pushi/vec4 3, 0, 32;
    %ix/load 4, 2, 0;
    %flag_set/imm 4, 0;
    %store/vec4a v0000023748343a60, 4, 0;
    %pushi/vec4 5, 0, 32;
    %ix/load 4, 3, 0;
    %flag_set/imm 4, 0;
    %store/vec4a v0000023748343a60, 4, 0;
    %pushi/vec4 6, 0, 32;
    %ix/load 4, 4, 0;
    %flag_set/imm 4, 0;
    %store/vec4a v0000023748343a60, 4, 0;
    %pushi/vec4 0, 0, 32;
    %ix/load 4, 0, 0;
    %flag_set/imm 4, 0;
    %store/vec4a v0000023748340e00, 4, 0;
    %pushi/vec4 2, 0, 32;
    %ix/load 4, 1, 0;
    %flag_set/imm 4, 0;
    %store/vec4a v0000023748340e00, 4, 0;
    %pushi/vec4 1, 0, 32;
    %ix/load 4, 2, 0;
    %flag_set/imm 4, 0;
    %store/vec4a v0000023748340e00, 4, 0;
    %pushi/vec4 0, 0, 32;
    %ix/load 4, 3, 0;
    %flag_set/imm 4, 0;
    %store/vec4a v0000023748340e00, 4, 0;
    %pushi/vec4 3, 0, 32;
    %ix/load 4, 4, 0;
    %flag_set/imm 4, 0;
    %store/vec4a v0000023748340e00, 4, 0;
    %pushi/vec4 2, 0, 32;
    %ix/load 4, 5, 0;
    %flag_set/imm 4, 0;
    %store/vec4a v0000023748340e00, 4, 0;
    %pushi/vec4 1, 0, 32;
    %ix/load 4, 0, 0;
    %flag_set/imm 4, 0;
    %store/vec4a v0000023748342980, 4, 0;
    %pushi/vec4 2, 0, 32;
    %ix/load 4, 1, 0;
    %flag_set/imm 4, 0;
    %store/vec4a v0000023748342980, 4, 0;
    %pushi/vec4 3, 0, 32;
    %ix/load 4, 2, 0;
    %flag_set/imm 4, 0;
    %store/vec4a v0000023748342980, 4, 0;
    %pushi/vec4 4, 0, 32;
    %ix/load 4, 3, 0;
    %flag_set/imm 4, 0;
    %store/vec4a v0000023748342980, 4, 0;
    %pushi/vec4 5, 0, 32;
    %ix/load 4, 4, 0;
    %flag_set/imm 4, 0;
    %store/vec4a v0000023748342980, 4, 0;
    %pushi/vec4 6, 0, 32;
    %ix/load 4, 5, 0;
    %flag_set/imm 4, 0;
    %store/vec4a v0000023748342980, 4, 0;
    %pushi/vec4 0, 0, 32;
    %ix/load 4, 0, 0;
    %flag_set/imm 4, 0;
    %store/vec4a v0000023748343880, 4, 0;
    %pushi/vec4 2, 0, 32;
    %ix/load 4, 1, 0;
    %flag_set/imm 4, 0;
    %store/vec4a v0000023748343880, 4, 0;
    %pushi/vec4 3, 0, 32;
    %ix/load 4, 2, 0;
    %flag_set/imm 4, 0;
    %store/vec4a v0000023748343880, 4, 0;
    %pushi/vec4 5, 0, 32;
    %ix/load 4, 3, 0;
    %flag_set/imm 4, 0;
    %store/vec4a v0000023748343880, 4, 0;
    %pushi/vec4 7, 0, 32;
    %ix/load 4, 4, 0;
    %flag_set/imm 4, 0;
    %store/vec4a v0000023748343880, 4, 0;
    %pushi/vec4 0, 0, 32;
    %ix/load 4, 0, 0;
    %flag_set/imm 4, 0;
    %store/vec4a v0000023748343240, 4, 0;
    %pushi/vec4 3, 0, 32;
    %ix/load 4, 1, 0;
    %flag_set/imm 4, 0;
    %store/vec4a v0000023748343240, 4, 0;
    %pushi/vec4 1, 0, 32;
    %ix/load 4, 2, 0;
    %flag_set/imm 4, 0;
    %store/vec4a v0000023748343240, 4, 0;
    %pushi/vec4 0, 0, 32;
    %ix/load 4, 3, 0;
    %flag_set/imm 4, 0;
    %store/vec4a v0000023748343240, 4, 0;
    %pushi/vec4 2, 0, 32;
    %ix/load 4, 4, 0;
    %flag_set/imm 4, 0;
    %store/vec4a v0000023748343240, 4, 0;
    %pushi/vec4 1, 0, 32;
    %ix/load 4, 5, 0;
    %flag_set/imm 4, 0;
    %store/vec4a v0000023748343240, 4, 0;
    %pushi/vec4 3, 0, 32;
    %ix/load 4, 6, 0;
    %flag_set/imm 4, 0;
    %store/vec4a v0000023748343240, 4, 0;
    %pushi/vec4 7, 0, 32;
    %ix/load 4, 0, 0;
    %flag_set/imm 4, 0;
    %store/vec4a v0000023748342660, 4, 0;
    %pushi/vec4 8, 0, 32;
    %ix/load 4, 1, 0;
    %flag_set/imm 4, 0;
    %store/vec4a v0000023748342660, 4, 0;
    %pushi/vec4 9, 0, 32;
    %ix/load 4, 2, 0;
    %flag_set/imm 4, 0;
    %store/vec4a v0000023748342660, 4, 0;
    %pushi/vec4 10, 0, 32;
    %ix/load 4, 3, 0;
    %flag_set/imm 4, 0;
    %store/vec4a v0000023748342660, 4, 0;
    %pushi/vec4 11, 0, 32;
    %ix/load 4, 4, 0;
    %flag_set/imm 4, 0;
    %store/vec4a v0000023748342660, 4, 0;
    %pushi/vec4 12, 0, 32;
    %ix/load 4, 5, 0;
    %flag_set/imm 4, 0;
    %store/vec4a v0000023748342660, 4, 0;
    %pushi/vec4 13, 0, 32;
    %ix/load 4, 6, 0;
    %flag_set/imm 4, 0;
    %store/vec4a v0000023748342660, 4, 0;
    %delay 20000, 0;
    %pushi/vec4 0, 0, 1;
    %store/vec4 v0000023748346ac0_0, 0, 1;
    %delay 10000, 0;
    %pushi/vec4 1, 0, 1;
    %store/vec4 v0000023748344ea0_0, 0, 1;
    %delay 10000, 0;
    %pushi/vec4 0, 0, 1;
    %store/vec4 v0000023748344ea0_0, 0, 1;
T_79.0 ;
    %load/vec4 v00000237483451c0_0;
    %cmpi/ne 1, 0, 1;
    %jmp/0xz T_79.1, 6;
    %wait E_00000237482beae0;
    %jmp T_79.0;
T_79.1 ;
    %delay 20000, 0;
    %vpi_call 2 205 "$display", "==== RPC ====" {0 0 0};
    %pushi/vec4 0, 0, 32;
    %store/vec4 v0000023748346660_0, 0, 32;
T_79.2 ;
    %load/vec4 v0000023748346660_0;
    %cmpi/s 5, 0, 32;
    %jmp/0xz T_79.3, 5;
    %vpi_call 2 207 "$display", "%d", &A<v00000237483437e0, v0000023748346660_0 > {0 0 0};
    %load/vec4 v0000023748346660_0;
    %addi 1, 0, 32;
    %store/vec4 v0000023748346660_0, 0, 32;
    %jmp T_79.2;
T_79.3 ;
    %vpi_call 2 209 "$display", "==== CIC ====" {0 0 0};
    %pushi/vec4 0, 0, 32;
    %store/vec4 v0000023748346660_0, 0, 32;
T_79.4 ;
    %load/vec4 v0000023748346660_0;
    %cmpi/s 9, 0, 32;
    %jmp/0xz T_79.5, 5;
    %vpi_call 2 211 "$display", "%d", &A<v00000237483439c0, v0000023748346660_0 > {0 0 0};
    %load/vec4 v0000023748346660_0;
    %addi 1, 0, 32;
    %store/vec4 v0000023748346660_0, 0, 32;
    %jmp T_79.4;
T_79.5 ;
    %vpi_call 2 213 "$display", "==== NVC ====" {0 0 0};
    %pushi/vec4 0, 0, 32;
    %store/vec4 v0000023748346660_0, 0, 32;
T_79.6 ;
    %load/vec4 v0000023748346660_0;
    %cmpi/s 9, 0, 32;
    %jmp/0xz T_79.7, 5;
    %vpi_call 2 215 "$display", "%d", &A<v00000237483436a0, v0000023748346660_0 > {0 0 0};
    %load/vec4 v0000023748346660_0;
    %addi 1, 0, 32;
    %store/vec4 v0000023748346660_0, 0, 32;
    %jmp T_79.6;
T_79.7 ;
    %vpi_call 2 217 "$finish" {0 0 0};
    %end;
    .thread T_79;
# The file index is used to find the file name in the following table.
:file_names 8;
    "N/A";
    "<interactive>";
    "tb_spmm_csr.v";
    "./spmm_csr.v";
    "./spmm_csr_spmm_csr_Pipeline_VITIS_LOOP_80_2.v";
    "./spmm_csr_flow_control_loop_pipe_sequential_init.v";
    "./spmm_csr_mux_432_32_1_1.v";
    "./spmm_csr_mul_32s_32s_32_1_1.v";
